Carimbo de data/hora,Endereço de email,SEÇÃO 1: Menu Principal,Nome da Empresa / Fábrica,CNPJ,Telefone / WhatsApp,Nome do Vendedor(a) / Contato,E-mail,Localização / Link do Google Maps,O que eles vendem?,"Regras de Desconto Atacado (Ex: 10% no Pix, 15% acima de 30 peças)",Pedido Mínimo e Formas de Pagamento,Política de Troca / Devolução,Observações do Fornecedor,Fornecedor,Para qual estoque esta mercadoria vai?,Código / Referência na Etiqueta,Fotos do Produto (Permitir até 4 arquivos),Categoria,Material Principal,Desenho do Tecido ,Preço de Pago (Custo Unitário em R$),Grade de Tamanhos informada pelo fabricante,Observações da Peça,Imagem do Documento Fiscal,Qtd Tamanho Único,Qtd PP / 38 ,Qtd P / 40,Qtd M - 42,Qtd G - 44,Qtd GG - 46,Qtd Plus EXG / G1 / 48,Qtd Plus EXGG / G2 / 50,Qtd Plus G3 / 52,"Qtd Plus G4 / 54
",Código SKU do Item Vendido,Número do Pedido / Identificador (Código do Mercado Livre ou nome do cliente para rastreio),Quantidade Vendida,De qual estoque saiu?,Canal de Venda,Valor Total da Venda (R$) (O valor bruto que o cliente pagou),Taxa do Canal / Marketplace (R$) (O valor exato descontado pela plataforma),Custo do Frete Pago por Você (R$) (Deixe 0 se o frete foi grátis para você),"Outros Custos (R$) (Embalagem, brindes, etiquetas, etc.)",Observações da Venda,Cor Predominante,Composição Têxtil (Etiqueta) ,Gênero ,SKU U,SKU PP,SKU P,SKU M,SKU G,SKU GG,SKU G1,SKU G2,SKU G3,SKU G4,Preço de Vitrine Sugerido,Status Catálogo,SKU_PAI,FOTOS_FINAIS_DRIVE,TITULO_SEO,DESC_MARKETING,STATUS_SISTEMA,SKUS_GERADOS,LINK_DA_PASTA_DRIVE
2026/03/13 00:23:05,jonathan.quintanilha@gmail.com,3. Cadastrar Novo Fornecedor,ALUP LINGERIE,12.768.165/0001-97,22999263734.0,Paulo e Bia,,https://maps.app.goo.gl/8eNnGiMLfn94MbfE8,"Calcinha, Sutiã, Lingerie, Cueca, Pijama, Body, Modeladores","10% no dinheiro ou PIX
05% no débito",Não há,Não informado,"Preços bons e competdores, loja com muitos produtos em poliamida",,,,,,,,,,,,,,,,,,,,,,,,,,,,,,,,,,,,,,,,,,,,,,OK,,,,,,,
2026/03/13 00:33:36,jonathan.quintanilha@gmail.com,3. Cadastrar Novo Fornecedor,THAILU LINGERIE OLARIA,00.129.621/0002-50,22988444502.0,Gabriella,,https://maps.app.goo.gl/rQpZeW9p49VFmsW76,"Calcinha, Sutiã, Lingerie, Pijama, Body, Modeladores, Calcinha Infantil, Linha Sex","Desconto no PIX📱
5% a partir de R$100,00
7% a partir de R$250,00
10% a partir de R$500,00
12% a partir de R$2.500,00
Descontos personalizados a partir de R$5.000,00",,Não verificado,"excelente loja, porém preços mais altos... primeira linha de qualidade",,,,,,,,,,,,,,,,,,,,,,,,,,,,,,,,,,,,,,,,,,,,,,OK,,,,,,,
2026/03/13 00:40:55,jonathan.quintanilha@gmail.com,3. Cadastrar Novo Fornecedor,LELUC LINGERIE - OLARIA,12.351.283/0003-67,22997975101.0,JADE,,https://maps.app.goo.gl/8CCnLoCTtE4Muvj57,"Calcinha, Sutiã, Lingerie, Modeladores","Variável, tem tabela",,"Até 10 peças, não trocam peças brancas, ","Excelente qualidade, principalmente em espartilhos e similares",,,,,,,,,,,,,,,,,,,,,,,,,,,,,,,,,,,,,,,,,,,,,,OK,,,,,,,
2026/03/13 08:42:52,jonathan.quintanilha@gmail.com,1. Registrar Nova Compra (Entrada),,,,,,,,,,,,THAILU LINGERIE OLARIA,Estoque Teresópolis,394,"https://drive.google.com/open?id=13-SJGXZ8QEQzporZXR8IYafkhqv0DOyq, https://drive.google.com/open?id=1Fxedsh3GhfLpyWFRoTjYO2YgRRgxSCK2, https://drive.google.com/open?id=1NRqkjRaK_jGMB0MhlEgxS8-ch_RZM66P, https://drive.google.com/open?id=1TeHFJ96LW_jjsFkVF-WwJI4g_1-hAr-H",Calcinha Infantil,Cotton/Algodão 100%,Diversas,693.0,"Tamanho	Idade	Cintura (Corpo)	Quadril (Corpo)	Altura Pessoa	Cintura Peça	Quadril Peça	Comprimento
M	2 a 3 anos	40 - 46 cm	48 - 54 cm	90 - 105 cm	19 - 25 cm	20 - 25 cm	15 - 16 cm
G	4 a 6 anos	46 - 52 cm	56 - 62 cm	106 - 118 cm	20 - 27 cm	21 - 27 cm	16 - 17 cm
GG	7 a 9 anos	52 - 58 cm	64 - 70 cm	119 - 130 cm	22 - 30 cm	23 - 30 cm	17 - 18 cm","Algodão muito bom, cintura alta, padrão produtos Lupo",https://drive.google.com/open?id=1GFmBjp29cHOTMe8ExmTVWFB1h2GMD2Fp,,,,10.0,12.0,19.0,,,,,,,,,,,,,,,,,,,,,THA-0394-M,THA-0394-G,THA-0394-GG,,,,,6.93,OK,THA0394COT,,CALCINHA INFANTIL  COTTON/ALGODÃO 100%,"CALCINHA INFANTIL — J&F CO.
Qualidade e conforto.

SKU: THA0394COT",CONCLUIDO,"THA0394COTM, THA0394COTG, THA0394COTG",https://drive.google.com/drive/folders/1FaojQ-TCbFmWvwrGS6fyLzlNEHKQiRMF
2026/03/13 08:51:23,jonathan.quintanilha@gmail.com,1. Registrar Nova Compra (Entrada),,,,,,,,,,,,THAILU LINGERIE OLARIA,Estoque Teresópolis,1112,"https://drive.google.com/open?id=10gcuz1K7MKtRrs-wVDNVHHs7WLr6_b3J, https://drive.google.com/open?id=1BOBalvr2VruZ277U7K_LVYU50hl_iGki, https://drive.google.com/open?id=1Oa7bauo2brlr1ZkY_hkoenLrNWigCv4T, https://drive.google.com/open?id=1PhHeNu5HDaNzQ8UHt9f_psS2Tetewmdx",Calcinha Infantil,Cotton/Algodão 100%,Colorida com estampa diversas ,729.0,"Tamanho	Idade	Cintura (Corpo)	Quadril (Corpo)	Altura Pessoa	Cintura Peça	Quadril Peça	Comprimento
M	2 a 3 anos	40 - 46 cm	48 - 54 cm	90 - 105 cm	19 - 25 cm	20 - 25 cm	15 - 16 cm
G	4 a 6 anos	46 - 52 cm	56 - 62 cm	106 - 118 cm	20 - 27 cm	21 - 27 cm	16 - 17 cm
GG	7 a 9 anos	52 - 58 cm	64 - 70 cm	119 - 130 cm	22 - 30 cm	23 - 30 cm	17 - 18 cm","Peças boas, padrão lupo, algodão, possuem estampas diversas ",https://drive.google.com/open?id=1gDkBjmBwZL2nYaC04chtQujMJdiHKmKT,,,,5.0,7.0,8.0,,,,,,,,,,,,,,,,,,,,,THA-1112-M,THA-1112-G,THA-1112-GG,,,,,7.29,OK,THA1112COT,,CALCINHA INFANTIL  COTTON/ALGODÃO 100%,"CALCINHA INFANTIL — J&F CO.
Qualidade e conforto.

SKU: THA1112COT",CONCLUIDO,"THA1112COTM, THA1112COTG, THA1112COTG",https://drive.google.com/drive/folders/1sCjCpyx0WOkbmDFbdBltakbBprAXM5K-
2026/03/13 09:41:22,felicianerodriguessoares@gmail.com,1. Registrar Nova Compra (Entrada),,,,,,,,,,,,LELUC LINGERIE - OLARIA,Estoque Teresópolis,350832,"https://drive.google.com/open?id=19SSV2byZ4GDw8cV7hBrFywgE2f37vpwC, https://drive.google.com/open?id=1A3vuM-DXk4S0MEi7thUl0Vio5kA6FtRx, https://drive.google.com/open?id=1AaKcG4NzmoacLYzMVYDwsQNOPIzzzsQP, https://drive.google.com/open?id=1DdYaLhayEsqdtTLs8QYsbs4eFIi4vwei, https://drive.google.com/open?id=1IwsIKBGh4LpuwLdV5Ox0Cbxjo7LXvze3, https://drive.google.com/open?id=1Nq8w4FTTIc_afRA8LsYVYFxxjgLXbYi_, https://drive.google.com/open?id=1hiR3KAH4KewrtT35HhOV78AOVqTNyQ-A, https://drive.google.com/open?id=1j2BjOqKamyH2Ra-CeK8v_tZy602Bqou7, https://drive.google.com/open?id=1l7lF1q-AeMSIu1N8PA_Mj68Eq01IsZ5n, https://drive.google.com/open?id=1uVvDup9kCUW3xgAiotBpWwmuiCpJ8VGB",Calcinha,Poliamida Canelada,Divino,79.0,G / GG,,https://drive.google.com/open?id=1N75pJ1s9b1vMoWS1NnFZbMbj63zEbhKk,,,,,2.0,2.0,,,,,,,,,,,,,,,,,,,,,,LEL-350832-G,LEL-350832-GG,,,,,7.9,OK,LEL350832POL,"https://drive.google.com/file/d/1N5ykctEHtPxCbAb6hdtam8DpjbZQLjvM/view?usp=drivesdk 
 https://drive.google.com/file/d/1ZrCVrxsJVbHQfVyAB4TURoqVIggkNjzx/view?usp=drivesdk 
 https://drive.google.com/file/d/1YJHaHzkW_YG_9o8winWgvH1iEKM1f3Nq/view?usp=drivesdk 
 https://drive.google.com/file/d/15A5sz55dbYz5XaHIEX0PZYf1vjYZBUFz/view?usp=drivesdk 
 https://drive.google.com/file/d/1yuMwGSpz48CWaQMFnNl80ZG18Wd-Mhjg/view?usp=drivesdk 
 https://drive.google.com/file/d/1KcE1Lxdqs64u3GVPtLg8XXs1uw3S5r9V/view?usp=drivesdk 
 https://drive.google.com/file/d/1WgYyQTJ2n_oZCUoynKiZFNrOgiacl7FQ/view?usp=drivesdk 
 https://drive.google.com/file/d/1FEnvI_qApZDw2vLLQWPV-wWHF2LDkOr6/view?usp=drivesdk 
 https://drive.google.com/file/d/1tHMIu4Xi6vo994Rwp-sW5qL-144buz22/view?usp=drivesdk 
 https://drive.google.com/file/d/1ISb4WA67dbb44ml3ZijTvNwA_5I7HPGt/view?usp=drivesdk 
 https://drive.google.com/file/d/1eCmIhU8Rb3b0v95Sd-4hu831gzouHgy_/view?usp=drivesdk",CALCINHA  POLIAMIDA CANELADA,"CALCINHA — J&F CO.
Qualidade e conforto.

SKU: LEL350832POL",CONCLUIDO,"LEL350832POLG, LEL350832POLG",https://drive.google.com/drive/folders/1wK3sfafPPoy3_73Jt7z5QyeZp8vSfJ3s
2026/03/13 10:06:43,felicianerodriguessoares@gmail.com,1. Registrar Nova Compra (Entrada),,,,,,,,,,,,LELUC LINGERIE - OLARIA,Estoque Teresópolis,350832,"https://drive.google.com/open?id=19SSV2byZ4GDw8cV7hBrFywgE2f37vpwC, https://drive.google.com/open?id=1A3vuM-DXk4S0MEi7thUl0Vio5kA6FtRx, https://drive.google.com/open?id=1AaKcG4NzmoacLYzMVYDwsQNOPIzzzsQP, https://drive.google.com/open?id=1DdYaLhayEsqdtTLs8QYsbs4eFIi4vwei, https://drive.google.com/open?id=1IwsIKBGh4LpuwLdV5Ox0Cbxjo7LXvze3, https://drive.google.com/open?id=1Nq8w4FTTIc_afRA8LsYVYFxxjgLXbYi_, https://drive.google.com/open?id=1hiR3KAH4KewrtT35HhOV78AOVqTNyQ-A, https://drive.google.com/open?id=1j2BjOqKamyH2Ra-CeK8v_tZy602Bqou7, https://drive.google.com/open?id=1l7lF1q-AeMSIu1N8PA_Mj68Eq01IsZ5n, https://drive.google.com/open?id=1uVvDup9kCUW3xgAiotBpWwmuiCpJ8VGB",Calcinha,Poliamida Canelada,Preta,79.0,,,https://drive.google.com/open?id=1eHU_qUfS3N7lCXsan7j9eP0elx6EAnWl,,,,,3.0,,,,,,,,,,,,,,,,,,,,,,,LEL-350832-G,,,,,,7.9,OK,LEL350832POL,"https://drive.google.com/file/d/1N5ykctEHtPxCbAb6hdtam8DpjbZQLjvM/view?usp=drivesdk 
 https://drive.google.com/file/d/1ZrCVrxsJVbHQfVyAB4TURoqVIggkNjzx/view?usp=drivesdk 
 https://drive.google.com/file/d/1YJHaHzkW_YG_9o8winWgvH1iEKM1f3Nq/view?usp=drivesdk 
 https://drive.google.com/file/d/15A5sz55dbYz5XaHIEX0PZYf1vjYZBUFz/view?usp=drivesdk 
 https://drive.google.com/file/d/1yuMwGSpz48CWaQMFnNl80ZG18Wd-Mhjg/view?usp=drivesdk 
 https://drive.google.com/file/d/1KcE1Lxdqs64u3GVPtLg8XXs1uw3S5r9V/view?usp=drivesdk 
 https://drive.google.com/file/d/1WgYyQTJ2n_oZCUoynKiZFNrOgiacl7FQ/view?usp=drivesdk 
 https://drive.google.com/file/d/1FEnvI_qApZDw2vLLQWPV-wWHF2LDkOr6/view?usp=drivesdk 
 https://drive.google.com/file/d/1tHMIu4Xi6vo994Rwp-sW5qL-144buz22/view?usp=drivesdk 
 https://drive.google.com/file/d/1ISb4WA67dbb44ml3ZijTvNwA_5I7HPGt/view?usp=drivesdk 
 https://drive.google.com/file/d/1eCmIhU8Rb3b0v95Sd-4hu831gzouHgy_/view?usp=drivesdk",CALCINHA  POLIAMIDA CANELADA,"CALCINHA — J&F CO.
Qualidade e conforto.

SKU: LEL350832POL",CONCLUIDO,LEL350832POLG,https://drive.google.com/drive/folders/1wK3sfafPPoy3_73Jt7z5QyeZp8vSfJ3s
2026/03/13 10:11:28,felicianerodriguessoares@gmail.com,1. Registrar Nova Compra (Entrada),,,,,,,,,,,,LELUC LINGERIE - OLARIA,Estoque Teresópolis,35-0832,"https://drive.google.com/open?id=12itUycW6vAy3hW8dJQa9aaHjt4Mox7TL, https://drive.google.com/open?id=1h_gQJrAiIRJ9v6vhAQFIWUf-x_uGCIF0",Calcinha,Poliamida Canelada,Bronze,79.0,,,https://drive.google.com/open?id=1YBtLrs11AI7WIS2-1X_HpmzaPUa9LxYf,,,,,3.0,3.0,,,,,,,,,,,,,,,,,,,,,,LEL-35-0832-G,LEL-35-0832-GG,,,,,7.9,OK,LEL350832POL,"https://drive.google.com/file/d/1N5ykctEHtPxCbAb6hdtam8DpjbZQLjvM/view?usp=drivesdk 
 https://drive.google.com/file/d/1ZrCVrxsJVbHQfVyAB4TURoqVIggkNjzx/view?usp=drivesdk 
 https://drive.google.com/file/d/1YJHaHzkW_YG_9o8winWgvH1iEKM1f3Nq/view?usp=drivesdk 
 https://drive.google.com/file/d/15A5sz55dbYz5XaHIEX0PZYf1vjYZBUFz/view?usp=drivesdk 
 https://drive.google.com/file/d/1yuMwGSpz48CWaQMFnNl80ZG18Wd-Mhjg/view?usp=drivesdk 
 https://drive.google.com/file/d/1KcE1Lxdqs64u3GVPtLg8XXs1uw3S5r9V/view?usp=drivesdk 
 https://drive.google.com/file/d/1WgYyQTJ2n_oZCUoynKiZFNrOgiacl7FQ/view?usp=drivesdk 
 https://drive.google.com/file/d/1FEnvI_qApZDw2vLLQWPV-wWHF2LDkOr6/view?usp=drivesdk 
 https://drive.google.com/file/d/1tHMIu4Xi6vo994Rwp-sW5qL-144buz22/view?usp=drivesdk 
 https://drive.google.com/file/d/1ISb4WA67dbb44ml3ZijTvNwA_5I7HPGt/view?usp=drivesdk 
 https://drive.google.com/file/d/1eCmIhU8Rb3b0v95Sd-4hu831gzouHgy_/view?usp=drivesdk",CALCINHA  POLIAMIDA CANELADA,"CALCINHA — J&F CO.
Qualidade e conforto.

SKU: LEL350832POL",CONCLUIDO,"LEL350832POLG, LEL350832POLG",https://drive.google.com/drive/folders/1wK3sfafPPoy3_73Jt7z5QyeZp8vSfJ3s
2026/03/13 10:21:34,felicianerodriguessoares@gmail.com,1. Registrar Nova Compra (Entrada),,,,,,,,,,,,LELUC LINGERIE - OLARIA,Estoque Teresópolis,35-0824,"https://drive.google.com/open?id=1KYm2zeguCPWYTm3CjB9Moxf4cZnh2y5b, https://drive.google.com/open?id=1pSPcStvmsUoSrTt8q9lMUBHZoJ1oT6bS",Calcinha,Poliamida lisa,Divino ,79.0,,,https://drive.google.com/open?id=1yfUN50iub-W0e_wsOm-G5IAeqxhlh0Tq,,,,,4.0,,,,,,,,,,,,,,,,,,,,,,,LEL-35-0824-G,,,,,,7.9,OK,LEL350824POL,,CALCINHA  POLIAMIDA LISA,"CALCINHA — J&F CO.
Qualidade e conforto.

SKU: LEL350824POL",CONCLUIDO,LEL350824POLG,https://drive.google.com/drive/folders/1tunJMMbY8_G2vIJYGqNLY3v31ipGk53-
2026/03/13 10:33:43,felicianerodriguessoares@gmail.com,1. Registrar Nova Compra (Entrada),,,,,,,,,,,,LELUC LINGERIE - OLARIA,Estoque Teresópolis,13-8021,"https://drive.google.com/open?id=12b6Sa6tOudDJB6m6Gk0F2cKNqZieZAEG, https://drive.google.com/open?id=1AMT_CaY2Xl4yoIxyHzr4OLgkPyS_I6SB, https://drive.google.com/open?id=1HPrPZZNJuWcjxLmrllCHS8UcEMq1kA-8, https://drive.google.com/open?id=1Katp56J1lxvNmGe-WsGliRBePTXYtcUi, https://drive.google.com/open?id=1LH70G2tID9U4E-KQdsSccUuNY7KCdwDL, https://drive.google.com/open?id=1OQxnZpfHVfCRgNd9kpnqsBgVkcd7vf9K, https://drive.google.com/open?id=1PtsvPFOqrFOLMwd-cuwL5yx9_oNLsTnE, https://drive.google.com/open?id=1TuXUEQYuTihud1LQqyVEJlxnQinEL1xG, https://drive.google.com/open?id=1XZBQiFfpvhjz4fCw3UH4aabMRT0RiYXv, https://drive.google.com/open?id=1aewqWaoFz1ipZbx5y4W5iDgqLsU5YuY1, https://drive.google.com/open?id=1mU5jAh7DdAlWw2YWHDNfzjY1Ui_Rqy5z, https://drive.google.com/open?id=1sdCDh9P2Zv8czcHe7_GPWhHwAwbDoi5Y, https://drive.google.com/open?id=1xYi1vacMCGyZeL0bO9dvV1xziaSiG5z_",Conjunto,Viscose,OFF ,239.0,,Cor semelhante ao branco,https://drive.google.com/open?id=154Mpbrulu9I92HJi5yZ5B1grQrS8LnVW,,,,3.0,,,,,,,,,,,,,,,,,,,,,,,LEL-13-8021-M,,,,,,,23.9,OK,LEL138021VIS,,CONJUNTO  VISCOSE,"CONJUNTO — J&F CO.
Qualidade e conforto.

SKU: LEL138021VIS",CONCLUIDO,LEL138021VISM,https://drive.google.com/drive/folders/1L6ch4oqftWboAm5_9NwR6z91LIAYhc4H
2026/03/13 10:41:48,felicianerodriguessoares@gmail.com,1. Registrar Nova Compra (Entrada),,,,,,,,,,,,LELUC LINGERIE - OLARIA,Estoque Teresópolis,13-8021,"https://drive.google.com/open?id=12b6Sa6tOudDJB6m6Gk0F2cKNqZieZAEG, https://drive.google.com/open?id=1AMT_CaY2Xl4yoIxyHzr4OLgkPyS_I6SB, https://drive.google.com/open?id=1HPrPZZNJuWcjxLmrllCHS8UcEMq1kA-8, https://drive.google.com/open?id=1Katp56J1lxvNmGe-WsGliRBePTXYtcUi, https://drive.google.com/open?id=1LH70G2tID9U4E-KQdsSccUuNY7KCdwDL, https://drive.google.com/open?id=1OQxnZpfHVfCRgNd9kpnqsBgVkcd7vf9K, https://drive.google.com/open?id=1PtsvPFOqrFOLMwd-cuwL5yx9_oNLsTnE, https://drive.google.com/open?id=1TuXUEQYuTihud1LQqyVEJlxnQinEL1xG, https://drive.google.com/open?id=1XZBQiFfpvhjz4fCw3UH4aabMRT0RiYXv, https://drive.google.com/open?id=1aewqWaoFz1ipZbx5y4W5iDgqLsU5YuY1, https://drive.google.com/open?id=1mU5jAh7DdAlWw2YWHDNfzjY1Ui_Rqy5z, https://drive.google.com/open?id=1sdCDh9P2Zv8czcHe7_GPWhHwAwbDoi5Y, https://drive.google.com/open?id=1xYi1vacMCGyZeL0bO9dvV1xziaSiG5z_",Conjunto,Viscose,Preto,239.0,,,https://drive.google.com/open?id=1kTA-iXXPz2FJKHcH5NoGkgYOwilfylJg,,,,4.0,2.0,,,,,,,,,,,,,,,,,,,,,,LEL-13-8021-M,LEL-13-8021-G,,,,,,23.9,OK,LEL138021VIS,,CONJUNTO  VISCOSE,"CONJUNTO — J&F CO.
Qualidade e conforto.

SKU: LEL138021VIS",CONCLUIDO,"LEL138021VISM, LEL138021VISG",https://drive.google.com/drive/folders/1L6ch4oqftWboAm5_9NwR6z91LIAYhc4H
2026/03/13 10:51:31,felicianerodriguessoares@gmail.com,1. Registrar Nova Compra (Entrada),,,,,,,,,,,,LELUC LINGERIE - OLARIA,Estoque Teresópolis,00-1002,"https://drive.google.com/open?id=1-D0kN9DGnb_E_T2UpwtJbLE1k7ffTmxe, https://drive.google.com/open?id=1-U38201A2zaJ7htl1J77HKA5lV0zmkHU, https://drive.google.com/open?id=10jRyRBwxvUtzHqgWLxOuzsHe-nv5F2Yu, https://drive.google.com/open?id=12MD8wPVSLBNpdDEAZHmgCZ4ByTMAzgnG, https://drive.google.com/open?id=13Bu02rqagK0exsK1WXf3Xv3Gr1-hOor1, https://drive.google.com/open?id=14CBPGKJbQqdxM1FahTdkUbQcUiX6iP07, https://drive.google.com/open?id=15fKcfY_tDGVQ6I-UuiWTVDexwrU4bqSN, https://drive.google.com/open?id=17OxOxp3jD-7Z4DCfYVXGcPpp9s2WpUXO, https://drive.google.com/open?id=17auOwj3N6EnvWKvab7INapbpT4OxABwW, https://drive.google.com/open?id=19yBjakhi_5AwNdzh-_aCXZyZQ_v8lVbA, https://drive.google.com/open?id=1Cmy-Ijtv88Iaeet7EIDZs3j_Qcyb9xhr, https://drive.google.com/open?id=1F5onnDTaz4md4Xwdk5u6H6Jq3Cwj63nZ, https://drive.google.com/open?id=1GbHf53pa8j0CzwUENWIdO2JZ9mde7Mbv, https://drive.google.com/open?id=1HL5UqgDx9psWv6pfeHtu8Og6lxc-oao2, https://drive.google.com/open?id=1HXeqPbEJtdTygDZQXwkogQ3lh6aNgb7J, https://drive.google.com/open?id=1HrKvur8OcqK8NjDwykkAdaGrus_eAeT6, https://drive.google.com/open?id=1JpXKZtsNKNosSWWdV6xmEyabWEQMPrTg, https://drive.google.com/open?id=1KBxLSii0pNWx-R2MP_1Nm-6R3-QcVOJL, https://drive.google.com/open?id=1KN7-Ci3eFZCzb0oI5IR3frE0xUgn8UCU, https://drive.google.com/open?id=1KY1ut5mXWvX7Np59SRQGc94j48zgZ26-, https://drive.google.com/open?id=1KhkWiUK1IJEw_8j5QWxXjoOkkOXYP58P, https://drive.google.com/open?id=1LDicsxnEfy2qlECM0dego7BNBRpbRn2B, https://drive.google.com/open?id=1LdLFKajz6EdrvccDCh5WUQd-A3prvipE, https://drive.google.com/open?id=1MCYJtWH-AICIzCVdSvUqdziaJORVfSEp, https://drive.google.com/open?id=1PD6lGlMf0dAKScJFFw5UF3eBzEaeKy3p, https://drive.google.com/open?id=1PhTLiL8nDuCUvV6OVoe3ncrukbIdr0NM, https://drive.google.com/open?id=1QQkLengGtBFGYR_29MobLSg-MDbrU5JE, https://drive.google.com/open?id=1Qhlup9sKBEyM4aQXSU2HWvDc5ykK59dG, https://drive.google.com/open?id=1RBuPUrEfNMgQodYm3HVLEi8KmijK6Swy, https://drive.google.com/open?id=1RHTcHtd3IvAdfKqnx4DFQdxvjT_aFD_d, https://drive.google.com/open?id=1SQx6a6-tyN2SWh9A2gQqlaOSqDQZbT9-, https://drive.google.com/open?id=1U6U5vOgxfUGhAUnCm-n2ztsDXVe8NkUM, https://drive.google.com/open?id=1Uc2pjHWR7eCoNnjsS7XcEPGoz_yySlnn, https://drive.google.com/open?id=1UzQd-kiexsy1sFHxUTfkYrh97CqWWLJz, https://drive.google.com/open?id=1VfUVbP9LrKSaTWxaPEVJZDGB3PHCUgmN, https://drive.google.com/open?id=1_bY2Sq2HzWqGELG5W9gYZzRRL2ysJBH3, https://drive.google.com/open?id=1a8tpIXy3P5ZKO6rRXLSu4uG2GcwUgDOf, https://drive.google.com/open?id=1cdfoaLlRrt768gZh6RGB_lmO6-sfE0_F, https://drive.google.com/open?id=1dJjeIk5KfPN6QtOnWLolrJ0o3CF6gNjm, https://drive.google.com/open?id=1i-UGZ5lt4S7B3DHDHaJC561sbiuNtVtx, https://drive.google.com/open?id=1ic5WBcJ1esKMGMQ6OAPkZgEcL4_aqocz, https://drive.google.com/open?id=1l3OjFXpINPSyqhH5nUu0AfE2p-TowL6U, https://drive.google.com/open?id=1lq-PfZ0bz1jcykTuJB-XnOH0X6sbTUVf, https://drive.google.com/open?id=1pKstAKlqSMIUxQmszUIxUNHR_3nqyWG6, https://drive.google.com/open?id=1qw06exPW7TzxRsxNZccPgl8YD5llaOSM, https://drive.google.com/open?id=1qx6C3T3_36XTvbKrg1H3oEJj6CWFEteQ, https://drive.google.com/open?id=1qzDiAUTcfLPuwLJXtRWNJR7bvlIug_yo, https://drive.google.com/open?id=1r-wdow-k7SYyu9g6uji8x_4ybTkEe1zR, https://drive.google.com/open?id=1rT4-f6FDi01OlRzko3BPqvSPau4empm-, https://drive.google.com/open?id=1sMGKOeonGZIF5euoKrxV0TU7Ex9PxiJO, https://drive.google.com/open?id=1sYOaFG3ySlH12UZH78sjlo4MLp77zaop, https://drive.google.com/open?id=1u1pH1TVjPpyv9a_-ODl7pAehV-kPAY6K, https://drive.google.com/open?id=1uVDee5iHb4rMnR1Jiu7ym-CqGo_n0sl6, https://drive.google.com/open?id=1vFjpK61dNSWpYLoxezEv8yAn7ZDLvoSz, https://drive.google.com/open?id=1wL2A-Xmc2JFmKAhAQXogsmm5oihxl7Ao, https://drive.google.com/open?id=1yuYEUboyB_DX1SpSghFcu5xFdiqDSL9D",Body,Poliamida lisa,Sortido,299.0,,Cor se assemelha ao vinho,https://drive.google.com/open?id=1J9JxD2sKwBPjUikRcfVoaaTkP13deB8W,,,1.0,,,,,,,,,,,,,,,,,,,,,,,LEL-00-1002-P,,,,,,,,29.9,OK,LEL001002POL,,BODY  POLIAMIDA LISA,"BODY — J&F CO.
Qualidade e conforto.

SKU: LEL001002POL",CONCLUIDO,LEL001002POLP,https://drive.google.com/drive/folders/1TYc6IJs4BBBItZejvVR6Y722SzohGh-m
2026/03/13 10:59:05,felicianerodriguessoares@gmail.com,1. Registrar Nova Compra (Entrada),,,,,,,,,,,,LELUC LINGERIE - OLARIA,Estoque Teresópolis,00-1002,"https://drive.google.com/open?id=1-D0kN9DGnb_E_T2UpwtJbLE1k7ffTmxe, https://drive.google.com/open?id=1-U38201A2zaJ7htl1J77HKA5lV0zmkHU, https://drive.google.com/open?id=10jRyRBwxvUtzHqgWLxOuzsHe-nv5F2Yu, https://drive.google.com/open?id=12MD8wPVSLBNpdDEAZHmgCZ4ByTMAzgnG, https://drive.google.com/open?id=13Bu02rqagK0exsK1WXf3Xv3Gr1-hOor1, https://drive.google.com/open?id=14CBPGKJbQqdxM1FahTdkUbQcUiX6iP07, https://drive.google.com/open?id=15fKcfY_tDGVQ6I-UuiWTVDexwrU4bqSN, https://drive.google.com/open?id=17OxOxp3jD-7Z4DCfYVXGcPpp9s2WpUXO, https://drive.google.com/open?id=17auOwj3N6EnvWKvab7INapbpT4OxABwW, https://drive.google.com/open?id=19yBjakhi_5AwNdzh-_aCXZyZQ_v8lVbA, https://drive.google.com/open?id=1Cmy-Ijtv88Iaeet7EIDZs3j_Qcyb9xhr, https://drive.google.com/open?id=1F5onnDTaz4md4Xwdk5u6H6Jq3Cwj63nZ, https://drive.google.com/open?id=1GbHf53pa8j0CzwUENWIdO2JZ9mde7Mbv, https://drive.google.com/open?id=1HL5UqgDx9psWv6pfeHtu8Og6lxc-oao2, https://drive.google.com/open?id=1HXeqPbEJtdTygDZQXwkogQ3lh6aNgb7J, https://drive.google.com/open?id=1HrKvur8OcqK8NjDwykkAdaGrus_eAeT6, https://drive.google.com/open?id=1JpXKZtsNKNosSWWdV6xmEyabWEQMPrTg, https://drive.google.com/open?id=1KBxLSii0pNWx-R2MP_1Nm-6R3-QcVOJL, https://drive.google.com/open?id=1KN7-Ci3eFZCzb0oI5IR3frE0xUgn8UCU, https://drive.google.com/open?id=1KY1ut5mXWvX7Np59SRQGc94j48zgZ26-, https://drive.google.com/open?id=1KhkWiUK1IJEw_8j5QWxXjoOkkOXYP58P, https://drive.google.com/open?id=1LDicsxnEfy2qlECM0dego7BNBRpbRn2B, https://drive.google.com/open?id=1LdLFKajz6EdrvccDCh5WUQd-A3prvipE, https://drive.google.com/open?id=1MCYJtWH-AICIzCVdSvUqdziaJORVfSEp, https://drive.google.com/open?id=1PD6lGlMf0dAKScJFFw5UF3eBzEaeKy3p, https://drive.google.com/open?id=1PhTLiL8nDuCUvV6OVoe3ncrukbIdr0NM, https://drive.google.com/open?id=1QQkLengGtBFGYR_29MobLSg-MDbrU5JE, https://drive.google.com/open?id=1Qhlup9sKBEyM4aQXSU2HWvDc5ykK59dG, https://drive.google.com/open?id=1RBuPUrEfNMgQodYm3HVLEi8KmijK6Swy, https://drive.google.com/open?id=1RHTcHtd3IvAdfKqnx4DFQdxvjT_aFD_d, https://drive.google.com/open?id=1SQx6a6-tyN2SWh9A2gQqlaOSqDQZbT9-, https://drive.google.com/open?id=1U6U5vOgxfUGhAUnCm-n2ztsDXVe8NkUM, https://drive.google.com/open?id=1Uc2pjHWR7eCoNnjsS7XcEPGoz_yySlnn, https://drive.google.com/open?id=1UzQd-kiexsy1sFHxUTfkYrh97CqWWLJz, https://drive.google.com/open?id=1VfUVbP9LrKSaTWxaPEVJZDGB3PHCUgmN, https://drive.google.com/open?id=1_bY2Sq2HzWqGELG5W9gYZzRRL2ysJBH3, https://drive.google.com/open?id=1a8tpIXy3P5ZKO6rRXLSu4uG2GcwUgDOf, https://drive.google.com/open?id=1cdfoaLlRrt768gZh6RGB_lmO6-sfE0_F, https://drive.google.com/open?id=1dJjeIk5KfPN6QtOnWLolrJ0o3CF6gNjm, https://drive.google.com/open?id=1i-UGZ5lt4S7B3DHDHaJC561sbiuNtVtx, https://drive.google.com/open?id=1ic5WBcJ1esKMGMQ6OAPkZgEcL4_aqocz, https://drive.google.com/open?id=1l3OjFXpINPSyqhH5nUu0AfE2p-TowL6U, https://drive.google.com/open?id=1lq-PfZ0bz1jcykTuJB-XnOH0X6sbTUVf, https://drive.google.com/open?id=1pKstAKlqSMIUxQmszUIxUNHR_3nqyWG6, https://drive.google.com/open?id=1qw06exPW7TzxRsxNZccPgl8YD5llaOSM, https://drive.google.com/open?id=1qx6C3T3_36XTvbKrg1H3oEJj6CWFEteQ, https://drive.google.com/open?id=1qzDiAUTcfLPuwLJXtRWNJR7bvlIug_yo, https://drive.google.com/open?id=1r-wdow-k7SYyu9g6uji8x_4ybTkEe1zR, https://drive.google.com/open?id=1rT4-f6FDi01OlRzko3BPqvSPau4empm-, https://drive.google.com/open?id=1sMGKOeonGZIF5euoKrxV0TU7Ex9PxiJO, https://drive.google.com/open?id=1sYOaFG3ySlH12UZH78sjlo4MLp77zaop, https://drive.google.com/open?id=1u1pH1TVjPpyv9a_-ODl7pAehV-kPAY6K, https://drive.google.com/open?id=1uVDee5iHb4rMnR1Jiu7ym-CqGo_n0sl6, https://drive.google.com/open?id=1vFjpK61dNSWpYLoxezEv8yAn7ZDLvoSz, https://drive.google.com/open?id=1wL2A-Xmc2JFmKAhAQXogsmm5oihxl7Ao, https://drive.google.com/open?id=1yuYEUboyB_DX1SpSghFcu5xFdiqDSL9D",Body,Poliamida lisa,Variadas,299.0,,Cor se assemelha ao vinho,https://drive.google.com/open?id=1P5XPdJGclokBwpwIB20_jzlR30zY3wD_,,,1.0,,,,,,,,,,,,,,,,,,,,,,,LEL-00-1002-P,,,,,,,,29.9,OK,LEL001002POL,,BODY  POLIAMIDA LISA,"BODY — J&F CO.
Qualidade e conforto.

SKU: LEL001002POL",CONCLUIDO,LEL001002POLP,https://drive.google.com/drive/folders/1TYc6IJs4BBBItZejvVR6Y722SzohGh-m
2026/03/13 11:05:16,felicianerodriguessoares@gmail.com,1. Registrar Nova Compra (Entrada),,,,,,,,,,,,LELUC LINGERIE - OLARIA,Estoque Teresópolis,00-1002,"https://drive.google.com/open?id=1-D0kN9DGnb_E_T2UpwtJbLE1k7ffTmxe, https://drive.google.com/open?id=1-U38201A2zaJ7htl1J77HKA5lV0zmkHU, https://drive.google.com/open?id=10jRyRBwxvUtzHqgWLxOuzsHe-nv5F2Yu, https://drive.google.com/open?id=12MD8wPVSLBNpdDEAZHmgCZ4ByTMAzgnG, https://drive.google.com/open?id=13Bu02rqagK0exsK1WXf3Xv3Gr1-hOor1, https://drive.google.com/open?id=14CBPGKJbQqdxM1FahTdkUbQcUiX6iP07, https://drive.google.com/open?id=15fKcfY_tDGVQ6I-UuiWTVDexwrU4bqSN, https://drive.google.com/open?id=17OxOxp3jD-7Z4DCfYVXGcPpp9s2WpUXO, https://drive.google.com/open?id=17auOwj3N6EnvWKvab7INapbpT4OxABwW, https://drive.google.com/open?id=19yBjakhi_5AwNdzh-_aCXZyZQ_v8lVbA, https://drive.google.com/open?id=1Cmy-Ijtv88Iaeet7EIDZs3j_Qcyb9xhr, https://drive.google.com/open?id=1F5onnDTaz4md4Xwdk5u6H6Jq3Cwj63nZ, https://drive.google.com/open?id=1GbHf53pa8j0CzwUENWIdO2JZ9mde7Mbv, https://drive.google.com/open?id=1HL5UqgDx9psWv6pfeHtu8Og6lxc-oao2, https://drive.google.com/open?id=1HXeqPbEJtdTygDZQXwkogQ3lh6aNgb7J, https://drive.google.com/open?id=1HrKvur8OcqK8NjDwykkAdaGrus_eAeT6, https://drive.google.com/open?id=1JpXKZtsNKNosSWWdV6xmEyabWEQMPrTg, https://drive.google.com/open?id=1KBxLSii0pNWx-R2MP_1Nm-6R3-QcVOJL, https://drive.google.com/open?id=1KN7-Ci3eFZCzb0oI5IR3frE0xUgn8UCU, https://drive.google.com/open?id=1KY1ut5mXWvX7Np59SRQGc94j48zgZ26-, https://drive.google.com/open?id=1KhkWiUK1IJEw_8j5QWxXjoOkkOXYP58P, https://drive.google.com/open?id=1LDicsxnEfy2qlECM0dego7BNBRpbRn2B, https://drive.google.com/open?id=1LdLFKajz6EdrvccDCh5WUQd-A3prvipE, https://drive.google.com/open?id=1MCYJtWH-AICIzCVdSvUqdziaJORVfSEp, https://drive.google.com/open?id=1PD6lGlMf0dAKScJFFw5UF3eBzEaeKy3p, https://drive.google.com/open?id=1PhTLiL8nDuCUvV6OVoe3ncrukbIdr0NM, https://drive.google.com/open?id=1QQkLengGtBFGYR_29MobLSg-MDbrU5JE, https://drive.google.com/open?id=1Qhlup9sKBEyM4aQXSU2HWvDc5ykK59dG, https://drive.google.com/open?id=1RBuPUrEfNMgQodYm3HVLEi8KmijK6Swy, https://drive.google.com/open?id=1RHTcHtd3IvAdfKqnx4DFQdxvjT_aFD_d, https://drive.google.com/open?id=1SQx6a6-tyN2SWh9A2gQqlaOSqDQZbT9-, https://drive.google.com/open?id=1U6U5vOgxfUGhAUnCm-n2ztsDXVe8NkUM, https://drive.google.com/open?id=1Uc2pjHWR7eCoNnjsS7XcEPGoz_yySlnn, https://drive.google.com/open?id=1UzQd-kiexsy1sFHxUTfkYrh97CqWWLJz, https://drive.google.com/open?id=1VfUVbP9LrKSaTWxaPEVJZDGB3PHCUgmN, https://drive.google.com/open?id=1_bY2Sq2HzWqGELG5W9gYZzRRL2ysJBH3, https://drive.google.com/open?id=1a8tpIXy3P5ZKO6rRXLSu4uG2GcwUgDOf, https://drive.google.com/open?id=1cdfoaLlRrt768gZh6RGB_lmO6-sfE0_F, https://drive.google.com/open?id=1dJjeIk5KfPN6QtOnWLolrJ0o3CF6gNjm, https://drive.google.com/open?id=1i-UGZ5lt4S7B3DHDHaJC561sbiuNtVtx, https://drive.google.com/open?id=1ic5WBcJ1esKMGMQ6OAPkZgEcL4_aqocz, https://drive.google.com/open?id=1l3OjFXpINPSyqhH5nUu0AfE2p-TowL6U, https://drive.google.com/open?id=1lq-PfZ0bz1jcykTuJB-XnOH0X6sbTUVf, https://drive.google.com/open?id=1pKstAKlqSMIUxQmszUIxUNHR_3nqyWG6, https://drive.google.com/open?id=1qw06exPW7TzxRsxNZccPgl8YD5llaOSM, https://drive.google.com/open?id=1qx6C3T3_36XTvbKrg1H3oEJj6CWFEteQ, https://drive.google.com/open?id=1qzDiAUTcfLPuwLJXtRWNJR7bvlIug_yo, https://drive.google.com/open?id=1r-wdow-k7SYyu9g6uji8x_4ybTkEe1zR, https://drive.google.com/open?id=1rT4-f6FDi01OlRzko3BPqvSPau4empm-, https://drive.google.com/open?id=1sMGKOeonGZIF5euoKrxV0TU7Ex9PxiJO, https://drive.google.com/open?id=1sYOaFG3ySlH12UZH78sjlo4MLp77zaop, https://drive.google.com/open?id=1u1pH1TVjPpyv9a_-ODl7pAehV-kPAY6K, https://drive.google.com/open?id=1uVDee5iHb4rMnR1Jiu7ym-CqGo_n0sl6, https://drive.google.com/open?id=1vFjpK61dNSWpYLoxezEv8yAn7ZDLvoSz, https://drive.google.com/open?id=1wL2A-Xmc2JFmKAhAQXogsmm5oihxl7Ao, https://drive.google.com/open?id=1yuYEUboyB_DX1SpSghFcu5xFdiqDSL9D",Body,Poliamida lisa,Variadas ,299.0,,Cor se assemelha ao vinho,https://drive.google.com/open?id=1yOMIP-qSYrq2y0kHJyr0uB4tLh5TkGv4,,,,1.0,,,,,,,,,,,,,,,,,,,,,,,LEL-00-1002-M,,,,,,,29.9,OK,LEL001002POL,,BODY  POLIAMIDA LISA,"BODY — J&F CO.
Qualidade e conforto.

SKU: LEL001002POL",CONCLUIDO,LEL001002POLM,https://drive.google.com/drive/folders/1TYc6IJs4BBBItZejvVR6Y722SzohGh-m
2026/03/13 13:26:39,felicianerodriguessoares@gmail.com,1. Registrar Nova Compra (Entrada),,,,,,,,,,,,ALUP LINGERIE,Estoque Teresópolis,12,"https://drive.google.com/open?id=1Otq8D6jUXtADkC6lNey-1rrjwATvuEvf, https://drive.google.com/open?id=1Qpm0-za-Y6YTPh8rhmM8gxNo4hqPiKHQ, https://drive.google.com/open?id=1V2G8mpt-9glnobVINJ97jrxF6kr5l-pF, https://drive.google.com/open?id=1jPcgspgtENpeDZ5Dgd0-G4LhM3boXL9U",Topper,Poliamida lisa,Preta ,153.0,,estilo nadador ,https://drive.google.com/open?id=1FE4GaPff3NERE_LoBPd68YYb9FSJuVjs,,,1.0,2.0,,,,,,,,,,,,,,,,,,,,,,ALU-12-P,ALU-12-M,,,,,,,15.3,OK,ALU12POL,,TOPPER  POLIAMIDA LISA,"TOPPER — J&F CO.
Qualidade e conforto.

SKU: ALU12POL",CONCLUIDO,"ALU12POLP, ALU12POLM",https://drive.google.com/drive/folders/1VQMWkRb7pz0MvZBPMvJgIhSM5cLYNPFG
2026/03/13 13:34:11,felicianerodriguessoares@gmail.com,1. Registrar Nova Compra (Entrada),,,,,,,,,,,,ALUP LINGERIE,Estoque Teresópolis,12,"https://drive.google.com/open?id=1Otq8D6jUXtADkC6lNey-1rrjwATvuEvf, https://drive.google.com/open?id=1Qpm0-za-Y6YTPh8rhmM8gxNo4hqPiKHQ, https://drive.google.com/open?id=1V2G8mpt-9glnobVINJ97jrxF6kr5l-pF, https://drive.google.com/open?id=1jPcgspgtENpeDZ5Dgd0-G4LhM3boXL9U",Topper,Poliester,Nude,153.0,,,https://drive.google.com/open?id=1hiFFehrQYvnEChfsrzZKLbdozCKK6hH8,,,,3.0,,,,,,,,,,,,,,,,,,,,,,,ALU-12-M,,,,,,,15.3,OK,ALU12POL,,TOPPER  POLIESTER,"TOPPER — J&F CO.
Qualidade e conforto.

SKU: ALU12POL",CONCLUIDO,ALU12POLM,https://drive.google.com/drive/folders/1VQMWkRb7pz0MvZBPMvJgIhSM5cLYNPFG
2026/03/13 13:50:08,felicianerodriguessoares@gmail.com,1. Registrar Nova Compra (Entrada),,,,,,,,,,,,ALUP LINGERIE,Estoque Teresópolis,63,"https://drive.google.com/open?id=1mIcL2V1TAqNhORTqMf8j3yB9VNxZ60uu, https://drive.google.com/open?id=1oayYTqv45E1hNimuWWuZtHMNAyCHtosK",Sutiã,Poliamida lisa,Rosa-claro,1404.0,,,https://drive.google.com/open?id=1kNKxEfT5Ny7ZggTJ75PzOoHi3kebLpzG,,,1.0,1.0,,,,,,,,,,,,,,,,,,,,,,ALU-63-P,ALU-63-M,,,,,,,14.04,OK,ALU63POL,,SUTIÃ  POLIAMIDA LISA,"SUTIÃ — J&F CO.
Qualidade e conforto.

SKU: ALU63POL",CONCLUIDO,"ALU63POLP, ALU63POLM",https://drive.google.com/drive/folders/1swhTBD8uyn-WEeuDu3l4hSsEXW4edJaI
2026/03/13 14:00:23,felicianerodriguessoares@gmail.com,1. Registrar Nova Compra (Entrada),,,,,,,,,,,,ALUP LINGERIE,Estoque Teresópolis,118,"https://drive.google.com/open?id=12ZGYE3TNEDbL0LJnZj548U_Uio_nw5bE, https://drive.google.com/open?id=13NmGRMhZUg3vWSvAPfn09mJWM2ciRADv, https://drive.google.com/open?id=14qsERf8UU6AV9XntKowfqmsTnOjsS4K_, https://drive.google.com/open?id=15utjmoo31MKqbwM7APKxDeWdFX_PLSRw, https://drive.google.com/open?id=18pRSOsbaDCWIZYhgUd9G6U7CbwQk978J, https://drive.google.com/open?id=1AYvlvG6zn5U8o4KAeNfve8kuHnFEmrV_, https://drive.google.com/open?id=1Dvuho4TnMXbnLiIDENP9g4WCdxqkqfzD, https://drive.google.com/open?id=1GJDAkJO7f-7OkePOs8E9KgWjLib-rDKn, https://drive.google.com/open?id=1Gg8vhikP1unTiMsaH5hMd7fMpijvMyUW, https://drive.google.com/open?id=1I3oU27doMBOcer9U4mV22RroIUD-rRII, https://drive.google.com/open?id=1JTu_uK-0JRu6rzvYk0KP8T41Pka6OnEB, https://drive.google.com/open?id=1LDSCXUrVf28Yb9TcHE_9Psiiqyrfjhh7, https://drive.google.com/open?id=1LereqNhgVyGpZgUlGIw5pJ9dDJEu9LxD, https://drive.google.com/open?id=1MVOYAY8jfd6gJgZNvoUVHj3xqLxT6ddj, https://drive.google.com/open?id=1O13FKkoTxCYiHhPvjKP1_mnz21F8AnK0, https://drive.google.com/open?id=1QLcOBMmzeuC6sSK-cShs0JHfloxa-bMy, https://drive.google.com/open?id=1RAi-mPV6lXtGA5DQogEFFaoHNcQ5zjGj, https://drive.google.com/open?id=1V9UDt-qDudrMJ0c-rSJc-H0to06xuHnG, https://drive.google.com/open?id=1W_msW0ne4furlwMibRhu6Cx2WetHXSmB, https://drive.google.com/open?id=1XzzFEJeEmaXZyhnJ2S9olblZ7iaJsoTW, https://drive.google.com/open?id=1Y5A_KQENPpQvBenwERkdAXTilm6vOtI5, https://drive.google.com/open?id=1_lUJOh50qRjFe-HSrz1OoMbbcbyYBQDn, https://drive.google.com/open?id=1hDjDZcvf8CDUPOLShuz1mqFwyFgda0fz, https://drive.google.com/open?id=1k-HBkKpPdeKaFnoTU3nxevVoHgAI4mM-, https://drive.google.com/open?id=1kqYj2r4BHclGgVzfO-nMefvS1FKs4Qt_, https://drive.google.com/open?id=1pCMbOzOc3IJRHJ_9LbNt8pVIddhJHcP0, https://drive.google.com/open?id=1rLpr06kS8jVCpnt0JKX1cen1epTVsRRZ, https://drive.google.com/open?id=1sRAWotBHzx3zD6RbRpezJVmAuWlescKY, https://drive.google.com/open?id=1vpZ3DNz2UNzQDX3K3KLre2W55moz5TXI, https://drive.google.com/open?id=1xyjd64wYzZDSdr80xVprOnN4KHA0PFLi, https://drive.google.com/open?id=1yGqP7eg_Cpz2GaFVboFRG5mwrH7NN5UI, https://drive.google.com/open?id=1yLJR5GDBks_APSSEiRhR93K24AQx1B9U, https://drive.google.com/open?id=1ywy-rkxF8pNGq_pq9pZxcyFd_1W_Zk1Y",Conjunto,Poliamida lisa,Azul marinho ,1971.0,,,https://drive.google.com/open?id=1fp8AkJ_gHVAv5KZ4cqULCRPz_rMuVFGa,,,,2.0,,,,,,,,,,,,,,,,,,,,,,,ALU-118-M,,,,,,,19.71,OK,ALU118POL,,CONJUNTO  POLIAMIDA LISA,"CONJUNTO — J&F CO.
Qualidade e conforto.

SKU: ALU118POL",CONCLUIDO,ALU118POLM,https://drive.google.com/drive/folders/14-d4Vg7dI7U6JzjCt39XGTLPNsQ1KL6g
2026/03/13 14:08:33,felicianerodriguessoares@gmail.com,1. Registrar Nova Compra (Entrada),,,,,,,,,,,,ALUP LINGERIE,Estoque Teresópolis,221,"https://drive.google.com/open?id=1xZhY3uhTp_8Oy5PA2ekhRwjXnEIHno9J, https://drive.google.com/open?id=1z9R7kGonSQLpcSMMuOWs2SUcGP4W3--h",Calcinha,Poliamida Renda,Rosa claro,539.0,,,https://drive.google.com/open?id=1LNptoyMCT96d7sz6HyOWDsxQl2xRFOlH,,,,2.0,,,,,,,,,,,,,,,,,,,,,,,ALU-221-M,,,,,,,5.39,OK,ALU221POL,,CALCINHA  POLIAMIDA RENDA,"CALCINHA — J&F CO.
Qualidade e conforto.

SKU: ALU221POL",CONCLUIDO,ALU221POLM,https://drive.google.com/drive/folders/1FWWj5rkseyr8KDu2HGpt7urXAa72EyJJ
2026/03/13 14:18:51,felicianerodriguessoares@gmail.com,1. Registrar Nova Compra (Entrada),,,,,,,,,,,,ALUP LINGERIE,Estoque Teresópolis,223,"https://drive.google.com/open?id=1Mxta9SG4U4QnC1lj1CL7W5mAjSVcNz2n, https://drive.google.com/open?id=1mbYlEEJlyrxfocbPThTcmXvN1BDETNU8",Calcinha,Poliamida lisa,Preta,629.0,,,https://drive.google.com/open?id=1jQHeFUzXOxZCSoAkaQKTM4vB-cVy0raj,,,1.0,3.0,2.0,,,,,,,,,,,,,,,,,,,,,ALU-223-P,ALU-223-M,ALU-223-G,,,,,,6.29,OK,ALU223POL,,CALCINHA  POLIAMIDA LISA,"CALCINHA — J&F CO.
Qualidade e conforto.

SKU: ALU223POL",CONCLUIDO,"ALU223POLP, ALU223POLM, ALU223POLG",https://drive.google.com/drive/folders/1DTSCcC9fR-3fppBpRzawYQnxaedfg0dK
2026/03/13 14:59:38,felicianerodriguessoares@gmail.com,1. Registrar Nova Compra (Entrada),,,,,,,,,,,,ALUP LINGERIE,Estoque Teresópolis,196,"https://drive.google.com/open?id=1CaXwYqAOY2Ek5eaIDZKMghTDYbM-U7Zt, https://drive.google.com/open?id=1QOk14OHSDzDL7wHDcUm5X783SZGZakop, https://drive.google.com/open?id=1RqnFVeO0jE0S43X_HvIgzEel2-DdnWmV, https://drive.google.com/open?id=1U5esLIx3FYljVvBVvT96K1g8kXThZ_nx, https://drive.google.com/open?id=1V9b_0LPRjp2TaRXvqP0hVgiWXyYV5L5l, https://drive.google.com/open?id=1WYpcuVgOGGIEo3xjX8Zi_3PT16vK9Bak, https://drive.google.com/open?id=1lFBMKCFnWdJt0YpaqLG_CPm6ptd1aKcv, https://drive.google.com/open?id=1wttiQ5oFzMJrLx5MzNgTNv_PRcTZKAOX",Calcinha,Poliamida lisa,Rosa claro ,751.0,,,https://drive.google.com/open?id=1XaewwNntOhvAUgXO9XOFwUSaQYhMr2Tp,,,,1.0,1.0,3.0,,,,,,,,,,,,,,,,,,,,,ALU-196-M,ALU-196-G,ALU-196-GG,,,,,7.51,OK,ALU196POL,,CALCINHA  POLIAMIDA LISA,"CALCINHA — J&F CO.
Qualidade e conforto.

SKU: ALU196POL",CONCLUIDO,"ALU196POLM, ALU196POLG, ALU196POLG",https://drive.google.com/drive/folders/1sr759CKqnp3RZI388vE0J_9NXziLCg7_
2026/03/13 15:05:30,felicianerodriguessoares@gmail.com,1. Registrar Nova Compra (Entrada),,,,,,,,,,,,ALUP LINGERIE,Estoque Teresópolis,196,"https://drive.google.com/open?id=1CaXwYqAOY2Ek5eaIDZKMghTDYbM-U7Zt, https://drive.google.com/open?id=1QOk14OHSDzDL7wHDcUm5X783SZGZakop, https://drive.google.com/open?id=1RqnFVeO0jE0S43X_HvIgzEel2-DdnWmV, https://drive.google.com/open?id=1U5esLIx3FYljVvBVvT96K1g8kXThZ_nx, https://drive.google.com/open?id=1V9b_0LPRjp2TaRXvqP0hVgiWXyYV5L5l, https://drive.google.com/open?id=1WYpcuVgOGGIEo3xjX8Zi_3PT16vK9Bak, https://drive.google.com/open?id=1lFBMKCFnWdJt0YpaqLG_CPm6ptd1aKcv, https://drive.google.com/open?id=1wttiQ5oFzMJrLx5MzNgTNv_PRcTZKAOX",Calcinha,Poliamida lisa,Preta,751.0,,,https://drive.google.com/open?id=1Scker3zhjvZFib6nyGcNtJ-dctVjGSZJ,,,,1.0,1.0,3.0,,,,,,,,,,,,,,,,,,,,,ALU-196-M,ALU-196-G,ALU-196-GG,,,,,7.51,OK,ALU196POL,,ALUP LINGERIE 196,"Produto J&F Co. - Qualidade garantida.

SKU: ALU196POL",CONCLUIDO,"ALU196POLM, ALU196POLG, ALU196POLG",https://drive.google.com/drive/folders/1sr759CKqnp3RZI388vE0J_9NXziLCg7_
2026/03/13 15:09:47,felicianerodriguessoares@gmail.com,1. Registrar Nova Compra (Entrada),,,,,,,,,,,,ALUP LINGERIE,Estoque Teresópolis,196,"https://drive.google.com/open?id=1CaXwYqAOY2Ek5eaIDZKMghTDYbM-U7Zt, https://drive.google.com/open?id=1QOk14OHSDzDL7wHDcUm5X783SZGZakop, https://drive.google.com/open?id=1RqnFVeO0jE0S43X_HvIgzEel2-DdnWmV, https://drive.google.com/open?id=1U5esLIx3FYljVvBVvT96K1g8kXThZ_nx, https://drive.google.com/open?id=1V9b_0LPRjp2TaRXvqP0hVgiWXyYV5L5l, https://drive.google.com/open?id=1WYpcuVgOGGIEo3xjX8Zi_3PT16vK9Bak, https://drive.google.com/open?id=1lFBMKCFnWdJt0YpaqLG_CPm6ptd1aKcv, https://drive.google.com/open?id=1wttiQ5oFzMJrLx5MzNgTNv_PRcTZKAOX",Calcinha,Poliamida lisa,Vermelha ,751.0,,,https://drive.google.com/open?id=1ONB85eiCZv1M7Ds7kFNtEVmJlUBmqN-d,,,,,2.0,,,,,,,,,,,,,,,,,,,,,,,ALU-196-G,,,,,,7.51,OK,ALU196POL,,ALUP LINGERIE 196,"Produto J&F Co. - Qualidade garantida.

SKU: ALU196POL",CONCLUIDO,ALU196POLG,https://drive.google.com/drive/folders/1sr759CKqnp3RZI388vE0J_9NXziLCg7_
2026/03/13 15:17:50,felicianerodriguessoares@gmail.com,1. Registrar Nova Compra (Entrada),,,,,,,,,,,,ALUP LINGERIE,Estoque Teresópolis,196,"https://drive.google.com/open?id=1CaXwYqAOY2Ek5eaIDZKMghTDYbM-U7Zt, https://drive.google.com/open?id=1QOk14OHSDzDL7wHDcUm5X783SZGZakop, https://drive.google.com/open?id=1RqnFVeO0jE0S43X_HvIgzEel2-DdnWmV, https://drive.google.com/open?id=1U5esLIx3FYljVvBVvT96K1g8kXThZ_nx, https://drive.google.com/open?id=1V9b_0LPRjp2TaRXvqP0hVgiWXyYV5L5l, https://drive.google.com/open?id=1WYpcuVgOGGIEo3xjX8Zi_3PT16vK9Bak, https://drive.google.com/open?id=1lFBMKCFnWdJt0YpaqLG_CPm6ptd1aKcv, https://drive.google.com/open?id=1wttiQ5oFzMJrLx5MzNgTNv_PRcTZKAOX",Calcinha,Poliamida lisa,Bege,751.0,,,https://drive.google.com/open?id=1E6JQeI-yw9XQxnZyxADJDh1NTv8SewdK,,,,,5.0,,,,,,,,,,,,,,,,,,,,,,,ALU-196-G,,,,,,7.51,OK,ALU196POL,,ALUP LINGERIE 196,"Produto J&F Co. - Qualidade garantida.

SKU: ALU196POL",CONCLUIDO,ALU196POLG,https://drive.google.com/drive/folders/1sr759CKqnp3RZI388vE0J_9NXziLCg7_
2026/03/13 16:07:45,felicianerodriguessoares@gmail.com,1. Registrar Nova Compra (Entrada),,,,,,,,,,,,ALUP LINGERIE,Estoque Teresópolis,117,"https://drive.google.com/open?id=1Dkzc6Z1n11PFrCqP-pUKWac2azhfGdNI, https://drive.google.com/open?id=1LabRpvPaOEN-rfAyXrNI_mmjMRgax02r, https://drive.google.com/open?id=1YBP0PCTMLoV4NbuPSnWNHOGPIPZbG5dD, https://drive.google.com/open?id=1h34pgsaTANF3-abUY7gQ7JLp1-X2hZCD, https://drive.google.com/open?id=1oI7D-jNx3OqeQhM-32xo-ApnEJe78Fc4, https://drive.google.com/open?id=1sIeLtIYYWjzepJH5acmJPMpMhrCe5D0H",Calcinha Infantil,Poliester,Estampada ,297.0,,Cores sortidas ,https://drive.google.com/open?id=1DSucaREb097E_94tw8wVp6j3tER5TvPo,,,,9.0,,,,,,,,,,,,,,,,,,,,,,,ALU-117-M,,,,,,,2.97,OK,ALU117POL,,ALUP LINGERIE 117,"Produto J&F Co. - Qualidade garantida.

SKU: ALU117POL",CONCLUIDO,ALU117POLM,https://drive.google.com/drive/folders/16NXnoShUlPXqE22AYIDFAW7IVfbfXWpy
2026/03/13 16:16:16,felicianerodriguessoares@gmail.com,1. Registrar Nova Compra (Entrada),,,,,,,,,,,,ALUP LINGERIE,Estoque Teresópolis,117,"https://drive.google.com/open?id=1Dkzc6Z1n11PFrCqP-pUKWac2azhfGdNI, https://drive.google.com/open?id=1LabRpvPaOEN-rfAyXrNI_mmjMRgax02r, https://drive.google.com/open?id=1YBP0PCTMLoV4NbuPSnWNHOGPIPZbG5dD, https://drive.google.com/open?id=1h34pgsaTANF3-abUY7gQ7JLp1-X2hZCD, https://drive.google.com/open?id=1oI7D-jNx3OqeQhM-32xo-ApnEJe78Fc4, https://drive.google.com/open?id=1sIeLtIYYWjzepJH5acmJPMpMhrCe5D0H",Calcinha Infantil,Poliester,Estampada,297.0,,,https://drive.google.com/open?id=17jMsioi5OBUqRmwL9uG1qHYL8soxNvDr,,,,14.0,,,,,,,,,,,,,,,,,,,,,,,ALU-117-M,,,,,,,2.97,OK,ALU117POL,,ALUP LINGERIE 117,"Produto J&F Co. - Qualidade garantida.

SKU: ALU117POL",CONCLUIDO,ALU117POLM,https://drive.google.com/drive/folders/16NXnoShUlPXqE22AYIDFAW7IVfbfXWpy
2026/03/13 16:21:09,felicianerodriguessoares@gmail.com,1. Registrar Nova Compra (Entrada),,,,,,,,,,,,ALUP LINGERIE,Estoque Teresópolis,117,"https://drive.google.com/open?id=1Dkzc6Z1n11PFrCqP-pUKWac2azhfGdNI, https://drive.google.com/open?id=1LabRpvPaOEN-rfAyXrNI_mmjMRgax02r, https://drive.google.com/open?id=1YBP0PCTMLoV4NbuPSnWNHOGPIPZbG5dD, https://drive.google.com/open?id=1h34pgsaTANF3-abUY7gQ7JLp1-X2hZCD, https://drive.google.com/open?id=1oI7D-jNx3OqeQhM-32xo-ApnEJe78Fc4, https://drive.google.com/open?id=1sIeLtIYYWjzepJH5acmJPMpMhrCe5D0H",Calcinha Infantil,Poliester,Estampada ,297.0,,,https://drive.google.com/open?id=1YSorwk7fMX9nXCtIZVAPTzeY3VE1CNmi,,,,,,7.0,,,,,,,,,,,,,,,,,,,,,,,ALU-117-GG,,,,,2.97,OK,ALU117POL,,ALUP LINGERIE 117,"Produto J&F Co. - Qualidade garantida.

SKU: ALU117POL",CONCLUIDO,ALU117POLG,https://drive.google.com/drive/folders/16NXnoShUlPXqE22AYIDFAW7IVfbfXWpy
2026/03/13 16:33:53,felicianerodriguessoares@gmail.com,1. Registrar Nova Compra (Entrada),,,,,,,,,,,,ALUP LINGERIE,Estoque Teresópolis,65,"https://drive.google.com/open?id=1uAoahQSnJukAoJuiHQadKVf46EB_4dP7, https://drive.google.com/open?id=19m3R73CIfodO5NLQ6WYvBOWv3vEqkYX5",Sutiã Amamentação,Poliamida lisa,Bege,144.0,,,https://drive.google.com/open?id=1RAkKGhYYQ-7H2v_Ruvz9TB3HOtK_TIX0,,,,,3.0,,,,,,,,,,,,,,,,,,,,,,,ALU-65-G,,,,,,14.4,OK,ALU65POL,,ALUP LINGERIE 65,"Produto J&F Co. - Qualidade garantida.

SKU: ALU65POL",CONCLUIDO,ALU65POLG,https://drive.google.com/drive/folders/1MS090hKRkuedK7pR4s1CgH1QISsDx4MT
2026/03/13 16:40:35,felicianerodriguessoares@gmail.com,1. Registrar Nova Compra (Entrada),,,,,,,,,,,,ALUP LINGERIE,Estoque Teresópolis,65,"https://drive.google.com/open?id=1AhrIaxT0YnYV7d43-iCcSCx1LTXULjTJ, https://drive.google.com/open?id=1AojaJAA1mJ96MCv_jLbfIyKu7vYc_f4v",Sutiã Amamentação,Poliamida lisa,Rosa claro ,144.0,,,https://drive.google.com/open?id=1WSsjHJDuCNeAURPnqv4xy2gnqhPELZJ0,,,,,1.0,1.0,,,,,,,,,,,,,,,,,,,,,,ALU-65-G,ALU-65-GG,,,,,14.4,OK,ALU65POL,,ALUP LINGERIE 65,"Produto J&F Co. - Qualidade garantida.

SKU: ALU65POL",CONCLUIDO,"ALU65POLG, ALU65POLG",https://drive.google.com/drive/folders/1MS090hKRkuedK7pR4s1CgH1QISsDx4MT
2026/03/13 16:45:10,felicianerodriguessoares@gmail.com,1. Registrar Nova Compra (Entrada),,,,,,,,,,,,ALUP LINGERIE,Estoque Teresópolis,65,"https://drive.google.com/open?id=1u2HLphrudDrSHmGWzo0ltY6DZoLXIUa5, https://drive.google.com/open?id=1-Vi1Bk03Odc82l7KYIj15TmMbsfMbnVW",Sutiã Amamentação,Poliamida lisa,Azul marinho ,144.0,,,https://drive.google.com/open?id=18pGojPONo9Ybiy2fF5Y0IY1A-Jx3kFG4,,,,,3.0,,,,,,,,,,,,,,,,,,,,,,,ALU-65-G,,,,,,14.4,OK,ALU65POL,,ALUP LINGERIE 65,"Produto J&F Co. - Qualidade garantida.

SKU: ALU65POL",CONCLUIDO,ALU65POLG,https://drive.google.com/drive/folders/1MS090hKRkuedK7pR4s1CgH1QISsDx4MT
2026/03/13 16:56:02,felicianerodriguessoares@gmail.com,1. Registrar Nova Compra (Entrada),,,,,,,,,,,,ALUP LINGERIE,Estoque Teresópolis,1,"https://drive.google.com/open?id=15tk-m7kXOvoC3HgpTYQeGOMSNDG0Jy5W, https://drive.google.com/open?id=18eDdPlrl4kmx1pkXta6DKv5LHIIOt6eo, https://drive.google.com/open?id=1EOLbn2m4ajOrC5G8sbSvrFbewWzCnNJ7, https://drive.google.com/open?id=1FGfMYU9Wfss7vmim_JFbO5i_SCvOoYzL, https://drive.google.com/open?id=1SMSX44lKE4hvd919CpKzWh8n8UbyJBVV, https://drive.google.com/open?id=1UlK1SoDMRAXUWHiCsvqcNSJqpg3_M4LK, https://drive.google.com/open?id=1YYytdj2Zjc02nct-0bXZnJl2Id4Yu3eo, https://drive.google.com/open?id=1_klvyPYFn7kvafNt4KqZBWbQfGjjTKGl, https://drive.google.com/open?id=1eyp5tcbpa5K_dPVvDp22bR0JVlZNMnC-, https://drive.google.com/open?id=1gAAO3779CuAu3frKTXfgd357VP6Zt_sA, https://drive.google.com/open?id=1jVFIKAzk5JtuuD_odfxrkZ-1THBtnOXe, https://drive.google.com/open?id=1ssEfIgyT7iwrDduSvP1fctpxSZj8IWAt, https://drive.google.com/open?id=1t373Y6geRHCZz8YYsIzj3RddYa9-QdLV, https://drive.google.com/open?id=1tFxcPjWTdJ-cQloqgrwbm4EB9erdVDrG, https://drive.google.com/open?id=1wn0gCj50TBa74AVMtZ6me4tjHJUKhilQ",Calcinha,Poliamida lisa,Preta,603.0,,,https://drive.google.com/open?id=11b9o0bCk0H5Poagr-34oetWVpYYaX1MF,,,,6.0,,2.0,,,,,,,,,,,,,,,,,,,,,ALU-01-M,,ALU-01-GG,,,,,6.03,OK,ALU01POL,,ALUP LINGERIE 01,"Produto J&F Co. - Qualidade garantida.

SKU: ALU01POL",CONCLUIDO,"ALU01POLM, ALU01POLG",https://drive.google.com/drive/folders/1VatSGYGrqFobFBTC-9DiKOmaj2oAs5P8
2026/03/13 17:05:02,felicianerodriguessoares@gmail.com,1. Registrar Nova Compra (Entrada),,,,,,,,,,,,ALUP LINGERIE,Estoque Teresópolis,1,"https://drive.google.com/open?id=15tk-m7kXOvoC3HgpTYQeGOMSNDG0Jy5W, https://drive.google.com/open?id=18eDdPlrl4kmx1pkXta6DKv5LHIIOt6eo, https://drive.google.com/open?id=1EOLbn2m4ajOrC5G8sbSvrFbewWzCnNJ7, https://drive.google.com/open?id=1FGfMYU9Wfss7vmim_JFbO5i_SCvOoYzL, https://drive.google.com/open?id=1SMSX44lKE4hvd919CpKzWh8n8UbyJBVV, https://drive.google.com/open?id=1UlK1SoDMRAXUWHiCsvqcNSJqpg3_M4LK, https://drive.google.com/open?id=1YYytdj2Zjc02nct-0bXZnJl2Id4Yu3eo, https://drive.google.com/open?id=1_klvyPYFn7kvafNt4KqZBWbQfGjjTKGl, https://drive.google.com/open?id=1eyp5tcbpa5K_dPVvDp22bR0JVlZNMnC-, https://drive.google.com/open?id=1gAAO3779CuAu3frKTXfgd357VP6Zt_sA, https://drive.google.com/open?id=1jVFIKAzk5JtuuD_odfxrkZ-1THBtnOXe, https://drive.google.com/open?id=1ssEfIgyT7iwrDduSvP1fctpxSZj8IWAt, https://drive.google.com/open?id=1t373Y6geRHCZz8YYsIzj3RddYa9-QdLV, https://drive.google.com/open?id=1tFxcPjWTdJ-cQloqgrwbm4EB9erdVDrG, https://drive.google.com/open?id=1wn0gCj50TBa74AVMtZ6me4tjHJUKhilQ",Calcinha,Poliamida lisa,Rosa claro ,603.0,,,https://drive.google.com/open?id=1JJ5Qmb58WBgifJ_87aT28G94QDz0e3lV,,,,2.0,,1.0,,,,,,,,,,,,,,,,,,,,,ALU-01-M,,ALU-01-GG,,,,,6.03,OK,ALU01POL,,ALUP LINGERIE 01,"Produto J&F Co. - Qualidade garantida.

SKU: ALU01POL",CONCLUIDO,"ALU01POLM, ALU01POLG",https://drive.google.com/drive/folders/1VatSGYGrqFobFBTC-9DiKOmaj2oAs5P8
2026/03/13 17:12:18,felicianerodriguessoares@gmail.com,1. Registrar Nova Compra (Entrada),,,,,,,,,,,,ALUP LINGERIE,Estoque Teresópolis,1,"https://drive.google.com/open?id=15tk-m7kXOvoC3HgpTYQeGOMSNDG0Jy5W, https://drive.google.com/open?id=18eDdPlrl4kmx1pkXta6DKv5LHIIOt6eo, https://drive.google.com/open?id=1EOLbn2m4ajOrC5G8sbSvrFbewWzCnNJ7, https://drive.google.com/open?id=1FGfMYU9Wfss7vmim_JFbO5i_SCvOoYzL, https://drive.google.com/open?id=1SMSX44lKE4hvd919CpKzWh8n8UbyJBVV, https://drive.google.com/open?id=1UlK1SoDMRAXUWHiCsvqcNSJqpg3_M4LK, https://drive.google.com/open?id=1YYytdj2Zjc02nct-0bXZnJl2Id4Yu3eo, https://drive.google.com/open?id=1_klvyPYFn7kvafNt4KqZBWbQfGjjTKGl, https://drive.google.com/open?id=1eyp5tcbpa5K_dPVvDp22bR0JVlZNMnC-, https://drive.google.com/open?id=1gAAO3779CuAu3frKTXfgd357VP6Zt_sA, https://drive.google.com/open?id=1jVFIKAzk5JtuuD_odfxrkZ-1THBtnOXe, https://drive.google.com/open?id=1ssEfIgyT7iwrDduSvP1fctpxSZj8IWAt, https://drive.google.com/open?id=1t373Y6geRHCZz8YYsIzj3RddYa9-QdLV, https://drive.google.com/open?id=1tFxcPjWTdJ-cQloqgrwbm4EB9erdVDrG, https://drive.google.com/open?id=1wn0gCj50TBa74AVMtZ6me4tjHJUKhilQ",Calcinha,Poliamida lisa,Bege,603.0,,,https://drive.google.com/open?id=1bLFJSJ6E0DiLD4bQSfqVwDIpJql3EYFy,,,,2.0,,1.0,,,,,,,,,,,,,,,,,,,,,ALU-01-M,,ALU-01-GG,,,,,6.03,OK,ALU01POL,,ALUP LINGERIE 01,"Produto J&F Co. - Qualidade garantida.

SKU: ALU01POL",CONCLUIDO,"ALU01POLM, ALU01POLG",https://drive.google.com/drive/folders/1VatSGYGrqFobFBTC-9DiKOmaj2oAs5P8
2026/03/13 17:16:28,felicianerodriguessoares@gmail.com,1. Registrar Nova Compra (Entrada),,,,,,,,,,,,ALUP LINGERIE,Estoque Teresópolis,1,"https://drive.google.com/open?id=15tk-m7kXOvoC3HgpTYQeGOMSNDG0Jy5W, https://drive.google.com/open?id=18eDdPlrl4kmx1pkXta6DKv5LHIIOt6eo, https://drive.google.com/open?id=1EOLbn2m4ajOrC5G8sbSvrFbewWzCnNJ7, https://drive.google.com/open?id=1FGfMYU9Wfss7vmim_JFbO5i_SCvOoYzL, https://drive.google.com/open?id=1SMSX44lKE4hvd919CpKzWh8n8UbyJBVV, https://drive.google.com/open?id=1UlK1SoDMRAXUWHiCsvqcNSJqpg3_M4LK, https://drive.google.com/open?id=1YYytdj2Zjc02nct-0bXZnJl2Id4Yu3eo, https://drive.google.com/open?id=1_klvyPYFn7kvafNt4KqZBWbQfGjjTKGl, https://drive.google.com/open?id=1eyp5tcbpa5K_dPVvDp22bR0JVlZNMnC-, https://drive.google.com/open?id=1gAAO3779CuAu3frKTXfgd357VP6Zt_sA, https://drive.google.com/open?id=1jVFIKAzk5JtuuD_odfxrkZ-1THBtnOXe, https://drive.google.com/open?id=1ssEfIgyT7iwrDduSvP1fctpxSZj8IWAt, https://drive.google.com/open?id=1t373Y6geRHCZz8YYsIzj3RddYa9-QdLV, https://drive.google.com/open?id=1tFxcPjWTdJ-cQloqgrwbm4EB9erdVDrG, https://drive.google.com/open?id=1wn0gCj50TBa74AVMtZ6me4tjHJUKhilQ",Calcinha,Poliamida lisa,Branca ,603.0,,,https://drive.google.com/open?id=1CY_YfsX5ok0OpVcHeafk_yrAgRl0Q5lB,,,,2.0,2.0,,,,,,,,,,,,,,,,,,,,,,ALU-01-M,ALU-01-G,,,,,,6.03,OK,ALU01POL,,ALUP LINGERIE 01,"Produto J&F Co. - Qualidade garantida.

SKU: ALU01POL",CONCLUIDO,"ALU01POLM, ALU01POLG",https://drive.google.com/drive/folders/1VatSGYGrqFobFBTC-9DiKOmaj2oAs5P8
2026/03/14 09:12:03,felicianerodriguessoares@gmail.com,1. Registrar Nova Compra (Entrada),,,,,,,,,,,,ALUP LINGERIE,Estoque Teresópolis,224,"https://drive.google.com/open?id=1-AhDUGdraqaTKKs4yzYXRtzGidg8UMd0, https://drive.google.com/open?id=1-FesPMT8P8dpiJcMbuTtddRoCqvHldnB, https://drive.google.com/open?id=10stJC4UksgqVoq6F7L59rBUI15BGhM4Y, https://drive.google.com/open?id=11vIzpSUtV-GUpMdnKORvFh64EOYfguLb, https://drive.google.com/open?id=12CGYXnp8MByiynEgEBQKmbiRJcPFNGCz, https://drive.google.com/open?id=142YkZ5HTmhpRwupo_UNILJPIHGgunzPA, https://drive.google.com/open?id=18ickux3lseI3P6S1rQfQdThBeo5F2YLH, https://drive.google.com/open?id=19NQWd7ezcCgmDGvT-O4BtabVVeKPt9Xz, https://drive.google.com/open?id=19mLYUA882Zvogvd1RXy3q7C6OPPJKOGn, https://drive.google.com/open?id=1BDKl8_B9y2UdEycw8VlExC2mlKbE9YEs, https://drive.google.com/open?id=1BYPE8CKygHS-m2N1avT80yu54NFZwqq_, https://drive.google.com/open?id=1CUwdKl1a1tqI_9rwcoJkEdo_nN1umIY0, https://drive.google.com/open?id=1Dq7b8WxLtzWDqu-8_kQzdeRKRdv_iGwV, https://drive.google.com/open?id=1E3FsdPJFA7Dr9LL4pCQZKu1yv9j737Eg, https://drive.google.com/open?id=1HeW_-pGALr0hGTb5xs_3kNrZGrW_YGSO, https://drive.google.com/open?id=1IbnQDvoiOUh5si4BvOi5HTDyU8WZQ4CG, https://drive.google.com/open?id=1IxHaXLKy8veYL9n2HMP7ZJhCNC7VBwM9, https://drive.google.com/open?id=1LBwj8GP_vOikE8cigbIjQVe21WZdDA6g, https://drive.google.com/open?id=1LatYgolczC8nG6y6-FsKO1I881h9n2vB, https://drive.google.com/open?id=1PgY_o4Hkas7iiTU5U8XTvLJPaBM_Y_48, https://drive.google.com/open?id=1S3CJLTmqWUG4QSGQyGOvlC5urkAxaaO6, https://drive.google.com/open?id=1VRb8LFZSpQNDAD3rAgGgY1HM8qxh3yAX, https://drive.google.com/open?id=1_aeIvwjVarGvflAWNW4b8szlvmhe7Uy_, https://drive.google.com/open?id=1f0Kt5whpc3MmTZRUf4uenTo0aw8MUMF9, https://drive.google.com/open?id=1joOBVNfIf2W_Vyq_pmGVxKcH_KU7OWnD, https://drive.google.com/open?id=1kf2yNofwk80vyNTazGOzdsd30lFD7bK1, https://drive.google.com/open?id=1mGhAlNNIlwwGkeBngX0-uExc20FjazSD, https://drive.google.com/open?id=1mbXh5vPjo0WLrqxMtCx3ulGo78pVV_ec, https://drive.google.com/open?id=1qZAtjFDgCN1OHQEHyvux6V__iTSmarHC, https://drive.google.com/open?id=1rM0ouvHHLDRh0LHufLU55huWFsbitdrV, https://drive.google.com/open?id=1rNcGkUnUNvo2gZE1qajhulgByP3hJfrJ, https://drive.google.com/open?id=1sfLwsnqBDQemOaF4Y-iFVGiQ9dLb6fvF, https://drive.google.com/open?id=1w3AiVN7y5kru375vuzFdJ3h3P2JBxglR, https://drive.google.com/open?id=1yfatOueeOHYwLNKqbPdxPTM3OAVYQNol, https://drive.google.com/open?id=1z3ZXizhUg5zOd-mrQU6yFg8eovLfdYUO, https://drive.google.com/open?id=1zCv6d6iWH2ZabBVzvZoWzK2F-EVfVAWv",Calcinha,Poliamida lisa,Branca ,75.0,,,https://drive.google.com/open?id=1ukw0lJznSMap9ffdj16niIUZ0RqAoK-9,,,,4.0,1.0,1.0,,,,,,,,,,,,,,,,,,,,,,,,,,,,,OK,ALU224POL,"https://drive.google.com/file/d/1UtrQrP_cmKKPss1Wo1vVJwqFowwuIYPI/view?usp=drivesdk 
 https://drive.google.com/file/d/1R80sRJmT5ddQjjbcZ2W_fTHX0kEZbPOv/view?usp=drivesdk 
 https://drive.google.com/file/d/18azE7_uH5b4GTcFcKkgwbOAUVHmWhupj/view?usp=drivesdk 
 https://drive.google.com/file/d/1-RFK9wB-hHXJ-e0XNUFCKHdx3gVO7pmH/view?usp=drivesdk 
 https://drive.google.com/file/d/10kjXSUdLXO5ibcIwZDxTU4OPVbcY-8cI/view?usp=drivesdk",ALUP LINGERIE 224,"Produto J&F Co. - Qualidade garantida.

SKU: ALU224POL",CONCLUIDO,"ALU224POLM, ALU224POLG, ALU224POLG",https://drive.google.com/drive/folders/1kMkojB4BLmcUfs1bLDK0jgUdElsCKwgP
2026/03/14 09:14:30,felicianerodriguessoares@gmail.com,1. Registrar Nova Compra (Entrada),,,,,,,,,,,,ALUP LINGERIE,Estoque Teresópolis,224,"https://drive.google.com/open?id=1-AhDUGdraqaTKKs4yzYXRtzGidg8UMd0, https://drive.google.com/open?id=1-FesPMT8P8dpiJcMbuTtddRoCqvHldnB, https://drive.google.com/open?id=10stJC4UksgqVoq6F7L59rBUI15BGhM4Y, https://drive.google.com/open?id=11vIzpSUtV-GUpMdnKORvFh64EOYfguLb, https://drive.google.com/open?id=12CGYXnp8MByiynEgEBQKmbiRJcPFNGCz, https://drive.google.com/open?id=142YkZ5HTmhpRwupo_UNILJPIHGgunzPA, https://drive.google.com/open?id=18ickux3lseI3P6S1rQfQdThBeo5F2YLH, https://drive.google.com/open?id=19NQWd7ezcCgmDGvT-O4BtabVVeKPt9Xz, https://drive.google.com/open?id=19mLYUA882Zvogvd1RXy3q7C6OPPJKOGn, https://drive.google.com/open?id=1BDKl8_B9y2UdEycw8VlExC2mlKbE9YEs, https://drive.google.com/open?id=1BYPE8CKygHS-m2N1avT80yu54NFZwqq_, https://drive.google.com/open?id=1CUwdKl1a1tqI_9rwcoJkEdo_nN1umIY0, https://drive.google.com/open?id=1Dq7b8WxLtzWDqu-8_kQzdeRKRdv_iGwV, https://drive.google.com/open?id=1E3FsdPJFA7Dr9LL4pCQZKu1yv9j737Eg, https://drive.google.com/open?id=1HeW_-pGALr0hGTb5xs_3kNrZGrW_YGSO, https://drive.google.com/open?id=1IbnQDvoiOUh5si4BvOi5HTDyU8WZQ4CG, https://drive.google.com/open?id=1IxHaXLKy8veYL9n2HMP7ZJhCNC7VBwM9, https://drive.google.com/open?id=1LBwj8GP_vOikE8cigbIjQVe21WZdDA6g, https://drive.google.com/open?id=1LatYgolczC8nG6y6-FsKO1I881h9n2vB, https://drive.google.com/open?id=1PgY_o4Hkas7iiTU5U8XTvLJPaBM_Y_48, https://drive.google.com/open?id=1S3CJLTmqWUG4QSGQyGOvlC5urkAxaaO6, https://drive.google.com/open?id=1VRb8LFZSpQNDAD3rAgGgY1HM8qxh3yAX, https://drive.google.com/open?id=1_aeIvwjVarGvflAWNW4b8szlvmhe7Uy_, https://drive.google.com/open?id=1f0Kt5whpc3MmTZRUf4uenTo0aw8MUMF9, https://drive.google.com/open?id=1joOBVNfIf2W_Vyq_pmGVxKcH_KU7OWnD, https://drive.google.com/open?id=1kf2yNofwk80vyNTazGOzdsd30lFD7bK1, https://drive.google.com/open?id=1mGhAlNNIlwwGkeBngX0-uExc20FjazSD, https://drive.google.com/open?id=1mbXh5vPjo0WLrqxMtCx3ulGo78pVV_ec, https://drive.google.com/open?id=1qZAtjFDgCN1OHQEHyvux6V__iTSmarHC, https://drive.google.com/open?id=1rM0ouvHHLDRh0LHufLU55huWFsbitdrV, https://drive.google.com/open?id=1rNcGkUnUNvo2gZE1qajhulgByP3hJfrJ, https://drive.google.com/open?id=1sfLwsnqBDQemOaF4Y-iFVGiQ9dLb6fvF, https://drive.google.com/open?id=1w3AiVN7y5kru375vuzFdJ3h3P2JBxglR, https://drive.google.com/open?id=1yfatOueeOHYwLNKqbPdxPTM3OAVYQNol, https://drive.google.com/open?id=1z3ZXizhUg5zOd-mrQU6yFg8eovLfdYUO, https://drive.google.com/open?id=1zCv6d6iWH2ZabBVzvZoWzK2F-EVfVAWv",Calcinha,Poliamida lisa,Bege,75.0,,,https://drive.google.com/open?id=19wtZodyv27ukOBwWu23d0_s6yB8zVwCU,,,,,,2.0,,,,,,,,,,,,,,,,,,,,,,,,,,,,,OK,ALU224POL,"https://drive.google.com/file/d/1UtrQrP_cmKKPss1Wo1vVJwqFowwuIYPI/view?usp=drivesdk 
 https://drive.google.com/file/d/1R80sRJmT5ddQjjbcZ2W_fTHX0kEZbPOv/view?usp=drivesdk 
 https://drive.google.com/file/d/18azE7_uH5b4GTcFcKkgwbOAUVHmWhupj/view?usp=drivesdk 
 https://drive.google.com/file/d/1-RFK9wB-hHXJ-e0XNUFCKHdx3gVO7pmH/view?usp=drivesdk 
 https://drive.google.com/file/d/10kjXSUdLXO5ibcIwZDxTU4OPVbcY-8cI/view?usp=drivesdk",ALUP LINGERIE 224,"Produto J&F Co. - Qualidade garantida.

SKU: ALU224POL",CONCLUIDO,ALU224POLG,https://drive.google.com/drive/folders/1kMkojB4BLmcUfs1bLDK0jgUdElsCKwgP
2026/03/14 09:19:59,felicianerodriguessoares@gmail.com,1. Registrar Nova Compra (Entrada),,,,,,,,,,,,ALUP LINGERIE,Estoque Teresópolis,224,"https://drive.google.com/open?id=1-AhDUGdraqaTKKs4yzYXRtzGidg8UMd0, https://drive.google.com/open?id=1-FesPMT8P8dpiJcMbuTtddRoCqvHldnB, https://drive.google.com/open?id=10stJC4UksgqVoq6F7L59rBUI15BGhM4Y, https://drive.google.com/open?id=11vIzpSUtV-GUpMdnKORvFh64EOYfguLb, https://drive.google.com/open?id=12CGYXnp8MByiynEgEBQKmbiRJcPFNGCz, https://drive.google.com/open?id=142YkZ5HTmhpRwupo_UNILJPIHGgunzPA, https://drive.google.com/open?id=18ickux3lseI3P6S1rQfQdThBeo5F2YLH, https://drive.google.com/open?id=19NQWd7ezcCgmDGvT-O4BtabVVeKPt9Xz, https://drive.google.com/open?id=19mLYUA882Zvogvd1RXy3q7C6OPPJKOGn, https://drive.google.com/open?id=1BDKl8_B9y2UdEycw8VlExC2mlKbE9YEs, https://drive.google.com/open?id=1BYPE8CKygHS-m2N1avT80yu54NFZwqq_, https://drive.google.com/open?id=1CUwdKl1a1tqI_9rwcoJkEdo_nN1umIY0, https://drive.google.com/open?id=1Dq7b8WxLtzWDqu-8_kQzdeRKRdv_iGwV, https://drive.google.com/open?id=1E3FsdPJFA7Dr9LL4pCQZKu1yv9j737Eg, https://drive.google.com/open?id=1HeW_-pGALr0hGTb5xs_3kNrZGrW_YGSO, https://drive.google.com/open?id=1IbnQDvoiOUh5si4BvOi5HTDyU8WZQ4CG, https://drive.google.com/open?id=1IxHaXLKy8veYL9n2HMP7ZJhCNC7VBwM9, https://drive.google.com/open?id=1LBwj8GP_vOikE8cigbIjQVe21WZdDA6g, https://drive.google.com/open?id=1LatYgolczC8nG6y6-FsKO1I881h9n2vB, https://drive.google.com/open?id=1PgY_o4Hkas7iiTU5U8XTvLJPaBM_Y_48, https://drive.google.com/open?id=1S3CJLTmqWUG4QSGQyGOvlC5urkAxaaO6, https://drive.google.com/open?id=1VRb8LFZSpQNDAD3rAgGgY1HM8qxh3yAX, https://drive.google.com/open?id=1_aeIvwjVarGvflAWNW4b8szlvmhe7Uy_, https://drive.google.com/open?id=1f0Kt5whpc3MmTZRUf4uenTo0aw8MUMF9, https://drive.google.com/open?id=1joOBVNfIf2W_Vyq_pmGVxKcH_KU7OWnD, https://drive.google.com/open?id=1kf2yNofwk80vyNTazGOzdsd30lFD7bK1, https://drive.google.com/open?id=1mGhAlNNIlwwGkeBngX0-uExc20FjazSD, https://drive.google.com/open?id=1mbXh5vPjo0WLrqxMtCx3ulGo78pVV_ec, https://drive.google.com/open?id=1qZAtjFDgCN1OHQEHyvux6V__iTSmarHC, https://drive.google.com/open?id=1rM0ouvHHLDRh0LHufLU55huWFsbitdrV, https://drive.google.com/open?id=1rNcGkUnUNvo2gZE1qajhulgByP3hJfrJ, https://drive.google.com/open?id=1sfLwsnqBDQemOaF4Y-iFVGiQ9dLb6fvF, https://drive.google.com/open?id=1w3AiVN7y5kru375vuzFdJ3h3P2JBxglR, https://drive.google.com/open?id=1yfatOueeOHYwLNKqbPdxPTM3OAVYQNol, https://drive.google.com/open?id=1z3ZXizhUg5zOd-mrQU6yFg8eovLfdYUO, https://drive.google.com/open?id=1zCv6d6iWH2ZabBVzvZoWzK2F-EVfVAWv",Calcinha,Poliamida lisa,Roxo claro,75.0,,,https://drive.google.com/open?id=1exrJE-3fLZT7bXwCX02RfKVSmkGUg0L8,,,,2.0,1.0,,,,,,,,,,,,,,,,,,,,,,,,,,,,,,OK,ALU224POL,"https://drive.google.com/file/d/1UtrQrP_cmKKPss1Wo1vVJwqFowwuIYPI/view?usp=drivesdk 
 https://drive.google.com/file/d/1R80sRJmT5ddQjjbcZ2W_fTHX0kEZbPOv/view?usp=drivesdk 
 https://drive.google.com/file/d/18azE7_uH5b4GTcFcKkgwbOAUVHmWhupj/view?usp=drivesdk 
 https://drive.google.com/file/d/1-RFK9wB-hHXJ-e0XNUFCKHdx3gVO7pmH/view?usp=drivesdk 
 https://drive.google.com/file/d/10kjXSUdLXO5ibcIwZDxTU4OPVbcY-8cI/view?usp=drivesdk",ALUP LINGERIE 224,"Produto J&F Co. - Qualidade garantida.

SKU: ALU224POL",CONCLUIDO,"ALU224POLM, ALU224POLG",https://drive.google.com/drive/folders/1kMkojB4BLmcUfs1bLDK0jgUdElsCKwgP
2026/03/14 09:23:22,felicianerodriguessoares@gmail.com,1. Registrar Nova Compra (Entrada),,,,,,,,,,,,ALUP LINGERIE,Estoque Teresópolis,224,"https://drive.google.com/open?id=1-AhDUGdraqaTKKs4yzYXRtzGidg8UMd0, https://drive.google.com/open?id=1-FesPMT8P8dpiJcMbuTtddRoCqvHldnB, https://drive.google.com/open?id=10stJC4UksgqVoq6F7L59rBUI15BGhM4Y, https://drive.google.com/open?id=11vIzpSUtV-GUpMdnKORvFh64EOYfguLb, https://drive.google.com/open?id=12CGYXnp8MByiynEgEBQKmbiRJcPFNGCz, https://drive.google.com/open?id=142YkZ5HTmhpRwupo_UNILJPIHGgunzPA, https://drive.google.com/open?id=18ickux3lseI3P6S1rQfQdThBeo5F2YLH, https://drive.google.com/open?id=19NQWd7ezcCgmDGvT-O4BtabVVeKPt9Xz, https://drive.google.com/open?id=19mLYUA882Zvogvd1RXy3q7C6OPPJKOGn, https://drive.google.com/open?id=1BDKl8_B9y2UdEycw8VlExC2mlKbE9YEs, https://drive.google.com/open?id=1BYPE8CKygHS-m2N1avT80yu54NFZwqq_, https://drive.google.com/open?id=1CUwdKl1a1tqI_9rwcoJkEdo_nN1umIY0, https://drive.google.com/open?id=1Dq7b8WxLtzWDqu-8_kQzdeRKRdv_iGwV, https://drive.google.com/open?id=1E3FsdPJFA7Dr9LL4pCQZKu1yv9j737Eg, https://drive.google.com/open?id=1HeW_-pGALr0hGTb5xs_3kNrZGrW_YGSO, https://drive.google.com/open?id=1IbnQDvoiOUh5si4BvOi5HTDyU8WZQ4CG, https://drive.google.com/open?id=1IxHaXLKy8veYL9n2HMP7ZJhCNC7VBwM9, https://drive.google.com/open?id=1LBwj8GP_vOikE8cigbIjQVe21WZdDA6g, https://drive.google.com/open?id=1LatYgolczC8nG6y6-FsKO1I881h9n2vB, https://drive.google.com/open?id=1PgY_o4Hkas7iiTU5U8XTvLJPaBM_Y_48, https://drive.google.com/open?id=1S3CJLTmqWUG4QSGQyGOvlC5urkAxaaO6, https://drive.google.com/open?id=1VRb8LFZSpQNDAD3rAgGgY1HM8qxh3yAX, https://drive.google.com/open?id=1_aeIvwjVarGvflAWNW4b8szlvmhe7Uy_, https://drive.google.com/open?id=1f0Kt5whpc3MmTZRUf4uenTo0aw8MUMF9, https://drive.google.com/open?id=1joOBVNfIf2W_Vyq_pmGVxKcH_KU7OWnD, https://drive.google.com/open?id=1kf2yNofwk80vyNTazGOzdsd30lFD7bK1, https://drive.google.com/open?id=1mGhAlNNIlwwGkeBngX0-uExc20FjazSD, https://drive.google.com/open?id=1mbXh5vPjo0WLrqxMtCx3ulGo78pVV_ec, https://drive.google.com/open?id=1qZAtjFDgCN1OHQEHyvux6V__iTSmarHC, https://drive.google.com/open?id=1rM0ouvHHLDRh0LHufLU55huWFsbitdrV, https://drive.google.com/open?id=1rNcGkUnUNvo2gZE1qajhulgByP3hJfrJ, https://drive.google.com/open?id=1sfLwsnqBDQemOaF4Y-iFVGiQ9dLb6fvF, https://drive.google.com/open?id=1w3AiVN7y5kru375vuzFdJ3h3P2JBxglR, https://drive.google.com/open?id=1yfatOueeOHYwLNKqbPdxPTM3OAVYQNol, https://drive.google.com/open?id=1z3ZXizhUg5zOd-mrQU6yFg8eovLfdYUO, https://drive.google.com/open?id=1zCv6d6iWH2ZabBVzvZoWzK2F-EVfVAWv",Calcinha,Poliamida lisa,Rosa Claro ,75.0,,,https://drive.google.com/open?id=1OTu6fMwy6efQrtaJ_IBHkYtAO3D2xzXa,,,,1.0,,,,,,,,,,,,,,,,,,,,,,,,,,,,,,,OK,ALU224POL,"https://drive.google.com/file/d/1UtrQrP_cmKKPss1Wo1vVJwqFowwuIYPI/view?usp=drivesdk 
 https://drive.google.com/file/d/1R80sRJmT5ddQjjbcZ2W_fTHX0kEZbPOv/view?usp=drivesdk 
 https://drive.google.com/file/d/18azE7_uH5b4GTcFcKkgwbOAUVHmWhupj/view?usp=drivesdk 
 https://drive.google.com/file/d/1-RFK9wB-hHXJ-e0XNUFCKHdx3gVO7pmH/view?usp=drivesdk 
 https://drive.google.com/file/d/10kjXSUdLXO5ibcIwZDxTU4OPVbcY-8cI/view?usp=drivesdk",ALUP LINGERIE 224,"Produto J&F Co. - Qualidade garantida.

SKU: ALU224POL",CONCLUIDO,ALU224POLM,https://drive.google.com/drive/folders/1kMkojB4BLmcUfs1bLDK0jgUdElsCKwgP
2026/03/14 09:28:43,felicianerodriguessoares@gmail.com,1. Registrar Nova Compra (Entrada),,,,,,,,,,,,ALUP LINGERIE,Estoque Teresópolis,224,"https://drive.google.com/open?id=1-AhDUGdraqaTKKs4yzYXRtzGidg8UMd0, https://drive.google.com/open?id=1-FesPMT8P8dpiJcMbuTtddRoCqvHldnB, https://drive.google.com/open?id=10stJC4UksgqVoq6F7L59rBUI15BGhM4Y, https://drive.google.com/open?id=11vIzpSUtV-GUpMdnKORvFh64EOYfguLb, https://drive.google.com/open?id=12CGYXnp8MByiynEgEBQKmbiRJcPFNGCz, https://drive.google.com/open?id=142YkZ5HTmhpRwupo_UNILJPIHGgunzPA, https://drive.google.com/open?id=18ickux3lseI3P6S1rQfQdThBeo5F2YLH, https://drive.google.com/open?id=19NQWd7ezcCgmDGvT-O4BtabVVeKPt9Xz, https://drive.google.com/open?id=19mLYUA882Zvogvd1RXy3q7C6OPPJKOGn, https://drive.google.com/open?id=1BDKl8_B9y2UdEycw8VlExC2mlKbE9YEs, https://drive.google.com/open?id=1BYPE8CKygHS-m2N1avT80yu54NFZwqq_, https://drive.google.com/open?id=1CUwdKl1a1tqI_9rwcoJkEdo_nN1umIY0, https://drive.google.com/open?id=1Dq7b8WxLtzWDqu-8_kQzdeRKRdv_iGwV, https://drive.google.com/open?id=1E3FsdPJFA7Dr9LL4pCQZKu1yv9j737Eg, https://drive.google.com/open?id=1HeW_-pGALr0hGTb5xs_3kNrZGrW_YGSO, https://drive.google.com/open?id=1IbnQDvoiOUh5si4BvOi5HTDyU8WZQ4CG, https://drive.google.com/open?id=1IxHaXLKy8veYL9n2HMP7ZJhCNC7VBwM9, https://drive.google.com/open?id=1LBwj8GP_vOikE8cigbIjQVe21WZdDA6g, https://drive.google.com/open?id=1LatYgolczC8nG6y6-FsKO1I881h9n2vB, https://drive.google.com/open?id=1PgY_o4Hkas7iiTU5U8XTvLJPaBM_Y_48, https://drive.google.com/open?id=1S3CJLTmqWUG4QSGQyGOvlC5urkAxaaO6, https://drive.google.com/open?id=1VRb8LFZSpQNDAD3rAgGgY1HM8qxh3yAX, https://drive.google.com/open?id=1_aeIvwjVarGvflAWNW4b8szlvmhe7Uy_, https://drive.google.com/open?id=1f0Kt5whpc3MmTZRUf4uenTo0aw8MUMF9, https://drive.google.com/open?id=1joOBVNfIf2W_Vyq_pmGVxKcH_KU7OWnD, https://drive.google.com/open?id=1kf2yNofwk80vyNTazGOzdsd30lFD7bK1, https://drive.google.com/open?id=1mGhAlNNIlwwGkeBngX0-uExc20FjazSD, https://drive.google.com/open?id=1mbXh5vPjo0WLrqxMtCx3ulGo78pVV_ec, https://drive.google.com/open?id=1qZAtjFDgCN1OHQEHyvux6V__iTSmarHC, https://drive.google.com/open?id=1rM0ouvHHLDRh0LHufLU55huWFsbitdrV, https://drive.google.com/open?id=1rNcGkUnUNvo2gZE1qajhulgByP3hJfrJ, https://drive.google.com/open?id=1sfLwsnqBDQemOaF4Y-iFVGiQ9dLb6fvF, https://drive.google.com/open?id=1w3AiVN7y5kru375vuzFdJ3h3P2JBxglR, https://drive.google.com/open?id=1yfatOueeOHYwLNKqbPdxPTM3OAVYQNol, https://drive.google.com/open?id=1z3ZXizhUg5zOd-mrQU6yFg8eovLfdYUO, https://drive.google.com/open?id=1zCv6d6iWH2ZabBVzvZoWzK2F-EVfVAWv",Calcinha,Poliamida lisa,Preta,75.0,,,https://drive.google.com/open?id=11wfjShXf8mOKdabw3yhr2bdmLdedep72,,,,4.0,2.0,3.0,,,,,,,,,,,,,,,,,,,,,,,,,,,,,OK,ALU224POL,"https://drive.google.com/file/d/1UtrQrP_cmKKPss1Wo1vVJwqFowwuIYPI/view?usp=drivesdk 
 https://drive.google.com/file/d/1R80sRJmT5ddQjjbcZ2W_fTHX0kEZbPOv/view?usp=drivesdk 
 https://drive.google.com/file/d/18azE7_uH5b4GTcFcKkgwbOAUVHmWhupj/view?usp=drivesdk 
 https://drive.google.com/file/d/1-RFK9wB-hHXJ-e0XNUFCKHdx3gVO7pmH/view?usp=drivesdk 
 https://drive.google.com/file/d/10kjXSUdLXO5ibcIwZDxTU4OPVbcY-8cI/view?usp=drivesdk",ALUP LINGERIE 224,"Produto J&F Co. - Qualidade garantida.

SKU: ALU224POL",CONCLUIDO,"ALU224POLM, ALU224POLG, ALU224POLG",https://drive.google.com/drive/folders/1kMkojB4BLmcUfs1bLDK0jgUdElsCKwgP
2026/03/14 09:39:57,felicianerodriguessoares@gmail.com,1. Registrar Nova Compra (Entrada),,,,,,,,,,,,ALUP LINGERIE,Estoque Teresópolis,134,"https://drive.google.com/open?id=11dhVAJt8Ns_cCw_vft777ALNh-RXASEK, https://drive.google.com/open?id=15F-0AgRUyQIbtFRfzjVJ5hGHqC-us0H8, https://drive.google.com/open?id=15Q4qml37gc4Vwi48xB1L2HfC-OvRNg0-, https://drive.google.com/open?id=19TJ8IST6mJMLdO4BBvI5qdS2xM0Cs4yG, https://drive.google.com/open?id=1JiL3gW32NERuEHxM_BhP26BtYt_s3qcR, https://drive.google.com/open?id=1JnN-xVVVULTkbQh_TKNP855k-Csnj1S9, https://drive.google.com/open?id=1N2iokoMP7oc06Hyiw5zGqiLx78E2tuIo, https://drive.google.com/open?id=1TRvsvdWG2XGWvPBO8oEYtegYC5MI66JY, https://drive.google.com/open?id=1Y899BXoeBrTRySibB1jFy6EGZDauh0p_, https://drive.google.com/open?id=1YUTCdaDAlJ_OnPLWJuDZ_TzvygFiiD9n, https://drive.google.com/open?id=1fhtDQspThJ6ACNSBj6_AU7lNFDRM2RBG, https://drive.google.com/open?id=1gAbOTtqfOaw64EyUvaZ4x33yH4cPrPIE, https://drive.google.com/open?id=1i4wIX-0mvZP8HBS6TzH7Z55NoBwUX3m2, https://drive.google.com/open?id=1iOkKYkLV2-kGUFSxqbHxzmeVqzQCMw6v, https://drive.google.com/open?id=1jpI9P2snKiZjguu6YTohP9i0hxaz7DLA, https://drive.google.com/open?id=1pH04ovPdAYfWD0mlFPZ1HjnIbRY9pViG, https://drive.google.com/open?id=1r4Pvx-KkCVqnc5o0PLQvariqqzjUt8UJ, https://drive.google.com/open?id=1tMNYn1p-_3GwcmyUQ6su_f0sLlEpbdQf",Calcinha,Poliamida lisa,Preta,535.0,,,https://drive.google.com/open?id=17GTQ9bci63yl5t3wMk9lDS_F4nzkK38e,,,,2.0,,,,,,,,,,,,,,,,,,,,,,,ALU-134-M,,,,,,,5.35,OK,ALU134POL,https://drive.google.com/file/d/1T-3NMZUPuEdU3U-R-OfDJTWL1CHJM9hD/view?usp=drivesdk,ALUP LINGERIE 134,"Produto J&F Co. - Qualidade garantida.

SKU: ALU134POL",CONCLUIDO,ALU134POLM,https://drive.google.com/drive/folders/190dcZOftriIqtDjjVSv5FyXqD-WgI5r_
2026/03/14 09:48:47,felicianerodriguessoares@gmail.com,1. Registrar Nova Compra (Entrada),,,,,,,,,,,,ALUP LINGERIE,Estoque Teresópolis,134,"https://drive.google.com/open?id=11dhVAJt8Ns_cCw_vft777ALNh-RXASEK, https://drive.google.com/open?id=15F-0AgRUyQIbtFRfzjVJ5hGHqC-us0H8, https://drive.google.com/open?id=15Q4qml37gc4Vwi48xB1L2HfC-OvRNg0-, https://drive.google.com/open?id=19TJ8IST6mJMLdO4BBvI5qdS2xM0Cs4yG, https://drive.google.com/open?id=1JiL3gW32NERuEHxM_BhP26BtYt_s3qcR, https://drive.google.com/open?id=1JnN-xVVVULTkbQh_TKNP855k-Csnj1S9, https://drive.google.com/open?id=1N2iokoMP7oc06Hyiw5zGqiLx78E2tuIo, https://drive.google.com/open?id=1TRvsvdWG2XGWvPBO8oEYtegYC5MI66JY, https://drive.google.com/open?id=1Y899BXoeBrTRySibB1jFy6EGZDauh0p_, https://drive.google.com/open?id=1YUTCdaDAlJ_OnPLWJuDZ_TzvygFiiD9n, https://drive.google.com/open?id=1fhtDQspThJ6ACNSBj6_AU7lNFDRM2RBG, https://drive.google.com/open?id=1gAbOTtqfOaw64EyUvaZ4x33yH4cPrPIE, https://drive.google.com/open?id=1i4wIX-0mvZP8HBS6TzH7Z55NoBwUX3m2, https://drive.google.com/open?id=1iOkKYkLV2-kGUFSxqbHxzmeVqzQCMw6v, https://drive.google.com/open?id=1jpI9P2snKiZjguu6YTohP9i0hxaz7DLA, https://drive.google.com/open?id=1pH04ovPdAYfWD0mlFPZ1HjnIbRY9pViG, https://drive.google.com/open?id=1r4Pvx-KkCVqnc5o0PLQvariqqzjUt8UJ, https://drive.google.com/open?id=1tMNYn1p-_3GwcmyUQ6su_f0sLlEpbdQf",Calcinha,Poliamida lisa,Vermelha ,535.0,,,https://drive.google.com/open?id=1lqhbr4zsQdLvvRFhidvBOHloOkWwQ_oj,,,,,3.0,,,,,,,,,,,,,,,,,,,,,,,ALU-134-G,,,,,,5.35,OK,ALU134POL,https://drive.google.com/file/d/1T-3NMZUPuEdU3U-R-OfDJTWL1CHJM9hD/view?usp=drivesdk,ALUP LINGERIE 134,"Produto J&F Co. - Qualidade garantida.

SKU: ALU134POL",CONCLUIDO,ALU134POLG,https://drive.google.com/drive/folders/190dcZOftriIqtDjjVSv5FyXqD-WgI5r_
2026/03/14 09:51:28,felicianerodriguessoares@gmail.com,1. Registrar Nova Compra (Entrada),,,,,,,,,,,,ALUP LINGERIE,Estoque Teresópolis,134,"https://drive.google.com/open?id=11dhVAJt8Ns_cCw_vft777ALNh-RXASEK, https://drive.google.com/open?id=15F-0AgRUyQIbtFRfzjVJ5hGHqC-us0H8, https://drive.google.com/open?id=15Q4qml37gc4Vwi48xB1L2HfC-OvRNg0-, https://drive.google.com/open?id=19TJ8IST6mJMLdO4BBvI5qdS2xM0Cs4yG, https://drive.google.com/open?id=1JiL3gW32NERuEHxM_BhP26BtYt_s3qcR, https://drive.google.com/open?id=1JnN-xVVVULTkbQh_TKNP855k-Csnj1S9, https://drive.google.com/open?id=1N2iokoMP7oc06Hyiw5zGqiLx78E2tuIo, https://drive.google.com/open?id=1TRvsvdWG2XGWvPBO8oEYtegYC5MI66JY, https://drive.google.com/open?id=1Y899BXoeBrTRySibB1jFy6EGZDauh0p_, https://drive.google.com/open?id=1YUTCdaDAlJ_OnPLWJuDZ_TzvygFiiD9n, https://drive.google.com/open?id=1fhtDQspThJ6ACNSBj6_AU7lNFDRM2RBG, https://drive.google.com/open?id=1gAbOTtqfOaw64EyUvaZ4x33yH4cPrPIE, https://drive.google.com/open?id=1i4wIX-0mvZP8HBS6TzH7Z55NoBwUX3m2, https://drive.google.com/open?id=1iOkKYkLV2-kGUFSxqbHxzmeVqzQCMw6v, https://drive.google.com/open?id=1jpI9P2snKiZjguu6YTohP9i0hxaz7DLA, https://drive.google.com/open?id=1pH04ovPdAYfWD0mlFPZ1HjnIbRY9pViG, https://drive.google.com/open?id=1r4Pvx-KkCVqnc5o0PLQvariqqzjUt8UJ, https://drive.google.com/open?id=1tMNYn1p-_3GwcmyUQ6su_f0sLlEpbdQf",Calcinha,Poliamida lisa,Branca,535.0,,,https://drive.google.com/open?id=1T3u8CVfy1mH8pSJGB78l787mXyAKbc3u,,,,4.0,,,,,,,,,,,,,,,,,,,,,,,ALU-134-M,,,,,,,5.35,OK,ALU134POL,https://drive.google.com/file/d/1T-3NMZUPuEdU3U-R-OfDJTWL1CHJM9hD/view?usp=drivesdk,ALUP LINGERIE 134,"Produto J&F Co. - Qualidade garantida.

SKU: ALU134POL",CONCLUIDO,ALU134POLM,https://drive.google.com/drive/folders/190dcZOftriIqtDjjVSv5FyXqD-WgI5r_
2026/03/21 17:57:53,felicianerodriguessoares@gmail.com,1. Registrar Nova Compra (Entrada),,,,,,,,,,,,LELUC LINGERIE - OLARIA,Estoque Teresópolis,37-0079,https://drive.google.com/open?id=1241IbogQ0TFRWr_Zq_vLKy7_l2QCZiCC,Cinta,Algodão com Elastano,Chocolate ,20.0,,,,,,,,3.0,,,,,,,,,,,,,,,,,,,,,,,,,,,,,,,LEL370079ALG,,LELUC LINGERIE - OLARIA 37-0079,"Produto J&F Co. - Qualidade garantida.

SKU: LEL370079ALG",CONCLUIDO,LEL370079ALGG,https://drive.google.com/drive/folders/1OCt-A_vhx0PFbZFPW4nPNRJshhrB6SQU
2026/03/21 18:04:47,felicianerodriguessoares@gmail.com,1. Registrar Nova Compra (Entrada),,,,,,,,,,,,LELUC LINGERIE - OLARIA,Estoque Teresópolis,60-0015,https://drive.google.com/open?id=1WVws-Vjchpt8ELkqMJp0-AlQaAmJ_Ajc,Calcinha,Algodão com Elastano,Sortidas ,0.0,,,,,,2.0,,2.0,,,,,,,,,,,,,,,,,,,,,,,,,,,,,,,LEL600015ALG,,LELUC LINGERIE - OLARIA 60-0015,"Produto J&F Co. - Qualidade garantida.

SKU: LEL600015ALG",CONCLUIDO,"LEL600015ALGP, LEL600015ALGG",https://drive.google.com/drive/folders/1ud49Vblqe_lHEF3KrrG_AmSZUeLZhnaw
2026/03/21 18:08:17,felicianerodriguessoares@gmail.com,1. Registrar Nova Compra (Entrada),,,,,,,,,,,,LELUC LINGERIE - OLARIA,Estoque Teresópolis,60-0025,"https://drive.google.com/open?id=1_avNJvyCx5iJlkaPRgCkY3htu59pH5m4, https://drive.google.com/open?id=1PrR6xfO1fzrZFlbhcaSyFof6i36qLx4o",Calcinha,Algodão com Elastano,Sortidas ,0.0,,,,,,,2.0,,,,,,,,,,,,,,,,,,,,,,,,,,,,,,,,LEL600025ALG,,LELUC LINGERIE - OLARIA 60-0025,"Produto J&F Co. - Qualidade garantida.

SKU: LEL600025ALG",CONCLUIDO,LEL600025ALGM,https://drive.google.com/drive/folders/1RNwSjBOhOwqi-DOZSdll67RhnLqyvIU1
2026/03/21 18:11:51,felicianerodriguessoares@gmail.com,1. Registrar Nova Compra (Entrada),,,,,,,,,,,,LELUC LINGERIE - OLARIA,Estoque Teresópolis,34-0438,"https://drive.google.com/open?id=1oJYoJNA-pOdA-xrk0qe3qDY4syhiCC1h, https://drive.google.com/open?id=1fazPRc8e8kZ4V8pJd02o_ziSE2GfrdpD",Calcinha,Viscose,Sortidas ,0.0,,,,,,,3.0,,,,,,,,,,,,,,,,,,,,,,,,,,,,,,,,LEL340438VIS,,LELUC LINGERIE - OLARIA 34-0438,"Produto J&F Co. - Qualidade garantida.

SKU: LEL340438VIS",CONCLUIDO,LEL340438VISM,https://drive.google.com/drive/folders/1wTiBeF0mUx0IUBretbBQ9XivzF4O4tnS
